case,mode,block_bytes,write_target_MB_s,direct_read_MB_s,buffered_read_MB_s,direct_write_MB_s,buffered_write_MB_s,buffered_cpu_percent,case_device_read_MB_s,case_device_write_MB_s,post_case_flush_seconds,post_case_writeback_MB
mixed-bs65536-rate450,mixed,65536,450,3878.704066,2292.718081,450.033818,450.108665,31.939999999999998,2394.8549357418015,413.340735363173,0.11219700193032622,297.795584
write-bs1048576-qd32,write,1048576,0,0.0,0.0,1829.12046,2908.029812,58.186726,0.0,1535.9950553388762,10.624063708819449,19424.100352
mixed-bs65536-rate910,mixed,65536,910,3795.860585,2619.68381,910.028776,910.07296,42.480000000000004,2631.828161403012,0.0019972792336708815,4.762147918343544,10921.979904
mixed-bs16384-rate450,mixed,16384,450,2182.138436,2800.677781,450.033818,450.213513,48.92,2729.670967568127,0.0019916774578911016,2.071195241995156,5403.312128
randread-bs1048576-qd32,randread,1048576,0,3879.259419,992.902181,0.0,0.0,24.939999999999998,869.81437954874,0.0013296986283581902,3.3113639801740646e-05,0.0
mixed-bs16384-rate0,mixed,16384,0,3895.974411,2806.416523,0.0,0.0,39.23,2535.9982874846864,0.0,3.2602809369564056e-05,0.0
randread-bs4096-qd32,randread,4096,0,1432.769768,57.758883,0.0,0.0,6.96,52.535365778864694,0.0,3.326265141367912e-05,0.0
write-bs4096-qd32,write,4096,0,0.0,0.0,999.867445,1591.111084,100.0,0.0,511.37606956899685,5.879368502646685,12543.93856
write-bs65536-qd32,write,65536,0,0.0,0.0,1828.507262,3666.647786,74.56,0.0,1252.2763868036586,11.711533918976784,21401.645056
mixed-bs65536-rate0,mixed,65536,0,3878.712804,2624.847531,0.0,0.0,25.740000000000002,2626.1126673041695,0.0,3.4091994166374207e-05,0.0
randread-bs65536-qd32,randread,65536,0,3878.714988,616.317555,0.0,0.0,16.509999999999998,552.4734145188697,0.0,2.8614886105060577e-05,0.0
write-bs16384-qd32,write,16384,0,0.0,0.0,1828.517421,3307.426825,99.96000000000001,0.0,1260.4463282064007,11.405056899879128,20835.364864
randread-bs16384-qd32,randread,16384,0,3837.330384,194.358701,0.0,0.0,9.149999999999999,177.68540349414798,0.0,3.3497344702482224e-05,0.0
mixed-bs16384-rate910,mixed,16384,910,1786.155817,2804.214733,910.028776,913.428068,57.7,2648.7261036860673,0.001992250382861064,4.609528409782797,10875.830272
