case,kind,block_bytes,queue_depth,writer_target_MB_s,read_MB_s,write_MB_s,read_iops,write_iops,read_p99_ms,write_p99_ms,read_runtime_ms,write_runtime_ms,fio_user_cpu_pct,fio_system_cpu_pct
mixed-bs1048576-rate0,mixed,1048576,32,0,3879.259419,0.0,3698.483586,0.0,8.585216,0,30005,0,0.209972,12.288362
mixed-bs1048576-rate1370,mixed,1048576,32,1370,3168.827004,1371.072275,3020.962474,1306.489784,11.337728,34.340864,30006,30001,14.703299999999999,15.051682
mixed-bs1048576-rate1640,mixed,1048576,32,1640,3092.366153,1395.457296,2948.043725,1329.745401,11.4688,34.340864,30006,30008,14.976514000000002,15.716996
mixed-bs1048576-rate180,mixed,1048576,32,180,3879.259419,180.034498,3698.483586,171.660945,8.716288,0.41984,30005,30001,1.969971,12.408422
mixed-bs1048576-rate450,mixed,1048576,32,450,3879.38871,450.033818,3698.606852,429.152362,8.84736,0.423936,30004,30001,4.846648,12.918803
mixed-bs1048576-rate910,mixed,1048576,32,910,3793.674929,910.028776,3616.863856,867.837739,9.371648,0.374784,30005,30001,9.353297999999999,13.831765
mixed-bs1048576-rateunlimited,mixed,1048576,32,unlimited,3086.006064,1402.003455,2941.978271,1335.988269,11.4688,34.340864,30006,30007,15.233625,15.443898999999998
mixed-bs16384-rate0,mixed,16384,32,0,3895.974411,0.0,237790.373654,0.0,0.150528,0,30001,0,11.866667,61.15
mixed-bs16384-rate1370,mixed,16384,32,1370,1469.306918,1370.023734,89678.344055,1306.489784,1.073152,22.675456,30001,30001,17.393334,30.393333000000002
mixed-bs16384-rate1640,mixed,16384,32,1640,1362.703606,1616.454208,83171.794274,1540.504515,1.056768,32.374784,30001,30009,21.068689,32.78133
mixed-bs16384-rate180,mixed,16384,32,180,3969.697769,180.034498,242290.09033,171.660945,0.301056,0.37888,30001,30001,14.4,58.563333
mixed-bs16384-rate450,mixed,16384,32,450,2182.138436,450.033818,133186.127129,429.152362,0.806912,0.692224,30001,30001,11.043333,37.839999999999996
mixed-bs16384-rate910,mixed,16384,32,910,1786.155817,910.028776,109017.266091,867.837739,0.954368,0.708608,30001,30001,14.236666,33.736667000000004
mixed-bs16384-rateunlimited,mixed,16384,32,unlimited,1358.547124,1613.93838,82918.10273,1538.105235,1.056768,30.539776,30001,30009,21.048726,32.49803
mixed-bs262144-rate0,mixed,262144,32,0,3878.661759,0.0,14794.887178,0.0,2.179072,0,30003,0,0.469969,17.615492
mixed-bs262144-rate1370,mixed,262144,32,1370,3146.129913,1366.115577,12000.49995,1302.82934,3.162112,34.865152,30003,30007,15.323671,19.814591
mixed-bs262144-rate1640,mixed,262144,32,1640,3248.259741,1321.351827,12390.094324,1259.072883,3.096576,38.535168,30003,30007,14.653784,20.377813
mixed-bs262144-rate180,mixed,262144,32,180,3878.62681,180.034498,14794.753858,171.660945,2.53952,0.395264,30003,30001,2.403305,18.005488999999997
mixed-bs262144-rate450,mixed,262144,32,450,3878.661759,450.033818,14794.887178,429.152362,2.670592,0.395264,30003,30001,5.549933,18.368848
mixed-bs262144-rate910,mixed,262144,32,910,3839.707974,910.028776,14646.290247,867.837739,2.637824,0.374784,30002,30001,9.063315,19.256117
mixed-bs262144-rateunlimited,mixed,262144,32,unlimited,3102.347506,1386.453206,11833.483318,1321.158396,3.162112,34.340864,30003,30007,15.346995,20.227826
mixed-bs4096-rate0,mixed,4096,32,0,1987.851425,0.0,485314.222859,0.0,0.070144,0,30001,0,25.216667,74.763333
mixed-bs4096-rate1370,mixed,4096,32,1370,1661.378749,1369.953831,405608.979701,1306.489784,0.456704,1.056768,30001,30001,34.053333,68.206667
mixed-bs4096-rate1640,mixed,4096,32,1640,1586.413116,1640.023054,387306.823106,1563.981201,0.50176,2.670592,30001,30001,35.9,67.066667
mixed-bs4096-rate180,mixed,4096,32,180,1959.776329,180.034498,478459.984667,171.660945,0.080384,0.569344,30001,30001,26.856666,74.92666700000001
mixed-bs4096-rate450,mixed,4096,32,450,1930.743484,450.033818,471371.887604,429.152362,0.096768,0.569344,30001,30001,28.763333000000003,74.26
mixed-bs4096-rate910,mixed,4096,32,910,1864.621365,910.028776,455228.792374,867.837739,0.305152,0.626688,30001,30001,31.976667000000003,72.36333400000001
mixed-bs4096-rateunlimited,mixed,4096,32,unlimited,1560.970158,1870.195817,381095.196827,1782.491336,0.577536,23.986176,30001,30008,39.575341,71.117906
mixed-bs4194304-rate0,mixed,4194304,32,0,3882.589745,0.0,924.615077,0.0,33.816576,0,30006,0,0.069988,15.974004
mixed-bs4194304-rate1370,mixed,4194304,32,1370,3254.548424,1324.426932,774.878358,1262.838671,43.25376,35.38944,30006,30007,14.110510999999999,18.599614000000003
mixed-bs4194304-rate1640,mixed,4194304,32,1640,3100.508465,1398.823517,738.15237,1332.955644,44.302336,34.865152,30006,30007,15.496902,17.760202
mixed-bs4194304-rate180,mixed,4194304,32,180,3882.589745,180.034498,924.615077,171.660945,33.816576,0.41984,30006,30001,2.003321,14.734271999999999
mixed-bs4194304-rate450,mixed,4194304,32,450,3882.719143,450.033818,924.645892,429.152362,33.816576,0.423936,30005,30001,4.863322,15.778027999999999
mixed-bs4194304-rate910,mixed,4194304,32,910,3856.579005,910.028776,918.413598,867.837739,41.680896,26.345472,30005,30001,9.003325,17.788031
mixed-bs4194304-rateunlimited,mixed,4194304,32,unlimited,3102.605198,1385.055431,738.65227,1319.825374,44.826624,34.340864,30006,30007,14.803708,18.143448
mixed-bs65536-rate0,mixed,65536,32,0,3878.712804,0.0,59183.427219,0.0,0.569344,0,30001,0,1.496667,30.486667
mixed-bs65536-rate1370,mixed,65536,32,1370,3179.453885,1355.731096,48513.582881,1291.859651,1.089536,34.865152,30001,30011,16.621814,29.507881
mixed-bs65536-rate1640,mixed,65536,32,1640,3091.966242,1397.099627,47178.627379,1331.31165,1.089536,34.340864,30001,30008,17.093164,27.498411
mixed-bs65536-rate180,mixed,65536,32,180,3878.725911,180.034498,59183.627212,171.660945,0.847872,0.37888,30001,30001,3.77,29.953333
mixed-bs65536-rate450,mixed,65536,32,450,3878.704066,450.033818,59183.260558,429.152362,0.946176,0.374784,30001,30001,7.7066669999999995,28.72
mixed-bs65536-rate910,mixed,65536,32,910,3795.860585,910.028776,57919.202693,867.837739,1.073152,20.054016,30001,30001,11.853334,27.113334
mixed-bs65536-rateunlimited,mixed,65536,32,unlimited,3166.934742,1359.650867,48322.555915,1295.597694,1.073152,34.865152,30001,30007,16.943736,29.245374
randread-bs1048576-qd1,randread,1048576,1,,3338.869261,0.0,3184.19386,0.0,0.325632,0,30001,0,0.376667,10.31
randread-bs1048576-qd32,randread,1048576,32,,3879.259419,0.0,3698.483586,0.0,8.585216,0,30005,0,0.186642,12.67831
randread-bs16384-qd1,randread,16384,1,,199.62747,0.0,12184.293857,0.0,0.090624,0,30001,0,0.37,4.353333
randread-bs16384-qd32,randread,16384,32,,3837.330384,0.0,234211.026299,0.0,0.280576,0,30001,0,14.026667,58.41
randread-bs262144-qd1,randread,262144,1,,1701.878238,0.0,6492.150262,0.0,0.166912,0,30001,0,0.563333,7.183333
randread-bs262144-qd32,randread,262144,32,,3878.653022,0.0,14794.853848,0.0,2.21184,0,30003,0,0.65329,17.555496
randread-bs4096-qd1,randread,4096,1,,58.993677,0.0,14402.753242,0.0,0.075264,0,30001,0,0.33,4.57
randread-bs4096-qd32,randread,4096,32,,1432.769768,0.0,349796.273458,0.0,0.166912,0,30001,0,19.473333,63.996667
randread-bs4194304-qd1,randread,4194304,1,,3878.623241,0.0,924.735842,0.0,1.122304,0,30001,0,0.12,11.793333
randread-bs4194304-qd32,randread,4194304,32,,3882.719143,0.0,924.645892,0.0,33.816576,0,30005,0,0.086655,16.157846
randread-bs65536-qd1,randread,65536,1,,678.633242,0.0,10355.121496,0.0,0.101888,0,30001,0,0.18,5.466667
randread-bs65536-qd32,randread,65536,32,,3878.714988,0.0,59183.460551,0.0,0.643072,0,30001,0,2.193333,28.81
write-bs1048576-qd1,write,1048576,1,,0.0,1828.515783,0.0,1743.775207,0,0.4608,0,30001,16.623333,4.946667
write-bs1048576-qd32,write,1048576,32,,0.0,1829.12046,0.0,1743.318894,0,23.724032,0,30010,19.32087,8.747376
write-bs16384-qd1,write,16384,1,,0.0,646.631988,0.0,39467.284424,0,0.02368,0,30001,6.296667,11.033333
write-bs16384-qd32,write,16384,32,,0.0,1828.517421,0.0,111602.779907,0,0.288768,0,30001,18.673333,30.123333
write-bs262144-qd1,write,262144,1,,0.0,1828.507045,0.0,6975.200827,0,0.119296,0,30001,16.406667,6.083333
write-bs262144-qd32,write,262144,32,,0.0,1825.694081,0.0,6963.43699,0,4.554752,0,30003,18.378775,6.242917
write-bs4096-qd1,write,4096,1,,0.0,216.678686,0.0,52900.069998,0,0.018048,0,30001,3.4,12.1
write-bs4096-qd32,write,4096,32,,0.0,999.867445,0.0,244107.196427,0,0.144384,0,30001,18.533333,54.036667
write-bs4194304-qd1,write,4194304,1,,0.0,1830.272247,0.0,436.337577,0,1.794048,0,30002,17.529416,5.499817
write-bs4194304-qd32,write,4194304,32,,0.0,1832.457485,0.0,435.82567,0,77.070336,0,30012,19.542834,7.307321
write-bs65536-qd1,write,65536,1,,0.0,1471.446051,0.0,22452.484917,0,0.040704,0,30001,12.46,9.366667
write-bs65536-qd32,write,65536,32,,0.0,1828.507262,0.0,27899.773348,0,1.155072,0,30002,17.522749,11.382954
