round,wall_ms,process_cpu_ms,metadata_reads,metadata_read_bytes,sum_api_read_ms,probe_kernel_ms,metadata_inflight_ms
1,35.920179,506.695,64,67108864,369.88322,0.6662380183115602,8.231265004724264
2,19.826089,157.73499999999999,64,67108864,403.281092,2.025759022217244,7.679469999857247
3,20.139121,157.523,64,67108864,391.977399,2.8158630011603236,8.936199999880046
4,21.515091,150.614,64,67108864,491.454599,2.857692015822977,9.942215983755887
5,16.86748,146.708,64,67108864,357.51971599999996,0.8879349916242063,6.186134007293731
6,18.193022,154.209,64,67108864,368.11895300000003,0.4742839955724776,8.804192999377847
7,18.019069,153.341,64,67108864,357.324058,1.1156919645145535,7.367092010099441
8,18.552973,155.132,64,67108864,363.734532,1.0393079719506204,6.720926030538976
9,19.079185,148.625,64,67108864,342.781655,1.5675019822083414,8.059695013798773
10,20.161869,154.74099999999999,64,67108864,367.61088800000005,1.8964839982800186,8.794825000222772
11,17.900192,150.368,64,67108864,351.271984,0.32496300991624594,7.085094053763896
12,23.330694,151.239,64,67108864,410.780984,2.666243992280215,7.848246023058891
13,19.677247,150.23600000000002,64,67108864,355.482603,1.2925919727422297,6.682261009700596
14,20.12692,150.503,64,67108864,347.124169,0.6468009669333696,9.097023983485997
15,19.7209,151.95600000000002,64,67108864,382.353516,0.9771990007720888,7.837240002118051
16,21.497731,151.211,64,67108864,348.48749699999996,1.6814800328575075,9.407457953784615
17,19.993567,152.711,64,67108864,331.409537,0.4230419872328639,7.462398032657802
18,26.017996,154.659,64,67108864,370.26162800000003,6.4143280033022165,7.982115028426051
19,21.143524,151.365,64,67108864,397.387992,0.9445230243727565,7.183430017903447
20,20.933055,150.151,64,67108864,379.83070299999997,0.7669900078326464,8.148037013597786
21,21.230451,153.99099999999999,64,67108864,406.112551,0.4975270130671561,7.696118031162769
22,28.06166,151.585,64,67108864,560.703154,4.256184969563037,12.22710800357163
23,28.822272,149.323,64,67108864,593.6259699999999,4.876803024671972,12.685342982877046
24,29.345683,149.994,64,67108864,629.081904,4.100550024304539,13.417289999779314
25,29.595812,152.09300000000002,64,67108864,618.8379000000001,3.82607604842633,13.396558002568781
26,27.895248,151.975,64,67108864,472.278709,5.058248993009329,10.066522983834147
27,29.289227,149.196,64,67108864,615.69237,3.9650279795750976,13.344048988074064
28,32.383005,149.4,64,67108864,610.6480909999999,7.515179051551968,12.931909004691988
29,29.663052,148.211,64,67108864,631.110909,3.835887007880956,13.563430984504521
30,28.778349,148.61599999999999,64,67108864,567.437234,3.8727399660274386,11.769989971071482
31,28.676367,155.667,64,67108864,568.754996,3.7382200243882835,10.35811600740999
32,34.394165,149.656,64,67108864,606.968938,6.783270975574851,12.957139988429844
33,28.833727,151.535,64,67108864,461.688921,5.3432059939950705,9.463351976592094
34,31.751723,153.428,64,67108864,461.31059400000004,7.157579006161541,9.926591999828815
35,29.361922,154.502,64,67108864,515.1745960000001,3.7981640198267996,10.041666973847896
36,32.086582,151.35199999999998,64,67108864,611.426182,4.741274984553456,13.189774006605148
37,31.563361,149.41299999999998,64,67108864,606.6237100000001,3.956762026064098,12.869540019892156
38,31.089473,150.312,64,67108864,576.189422,4.565006995107979,11.247596994508058
39,30.76324,153.238,64,67108864,587.080372,3.9210659451782703,11.97355700423941
40,28.50109,153.02599999999998,64,67108864,466.816526,3.8923670072108507,9.29976801853627
41,30.202457,152.536,64,67108864,461.294589,5.4049770114943385,10.402066982351243
42,31.66186,150.218,64,67108864,604.198319,3.8670329959131777,13.099400966893882
43,30.794905,150.63299999999998,64,67108864,578.1678489999999,3.9292770088650286,10.69917599670589
44,32.992157,149.312,64,67108864,613.142866,5.048980005085468,13.008598994929343
45,30.803231,151.56,64,67108864,590.25087,3.839894023258239,10.29847702011466
46,32.211215,150.476,64,67108864,606.403312,3.980693989433348,12.952404969837517
47,29.656506,154.159,64,67108864,478.608452,4.246708995196968,10.246735997498035
48,33.667077,153.222,64,67108864,590.946912,4.253891005646437,11.314867995679379
49,19.137891,145.34,64,67108864,460.112223,3.8854570011608303,9.268679015804082
50,22.736292,139.549,64,67108864,585.0082530000001,6.530217011459172,10.461892990861088
51,20.217734,140.804,64,67108864,614.055997,3.7360499845817685,9.87964600790292
52,23.069927,142.02200000000002,64,67108864,586.289134,5.735234008170664,12.211875000502914
53,25.533669,143.72099999999998,64,67108864,587.99137,7.596446026582271,10.448287997860461
54,22.939874,141.946,64,67108864,611.061997,3.967261000070721,13.41072702780366
55,23.763487,141.577,64,67108864,483.102541,7.435333973262459,10.522085998672992
56,22.047543,140.928,64,67108864,593.766659,3.945920034311712,10.597435990348458
57,22.837651,142.157,64,67108864,599.3991159999999,5.479242012370378,9.536364988889545
58,24.168044,145.457,64,67108864,619.2740239999999,3.938104957342148,13.281816965900362
59,25.72184,142.05100000000002,64,67108864,609.983365,5.573772010393441,13.477718981448561
60,22.216876,144.937,64,67108864,455.554066,5.13902201782912,10.0508329924196
61,21.497762,142.224,64,67108864,456.55339200000003,3.7557079922407866,9.837997960858047
62,21.298464,143.97299999999998,64,67108864,456.881395,4.167207982391119,9.464466013014317
63,24.682985,143.641,64,67108864,621.801866,3.7763520376756787,13.540918997023255
64,22.529188,143.811,64,67108864,457.310447,5.486526002641767,9.66144201811403
65,19.478893,144.019,64,67108864,399.512966,2.7338890358805656,8.459757023956627
66,20.111727,144.21900000000002,64,67108864,423.90054,2.7939999708905816,9.050564956851304
67,19.665975,143.27200000000002,64,67108864,364.878042,3.1845380435697734,7.419196015689522
68,21.29302,144.785,64,67108864,429.024361,3.308409999590367,8.82818701211363
69,21.205294,143.984,64,67108864,420.631615,3.451889962889254,8.898461004719138
70,19.547108,142.775,64,67108864,399.349384,2.4715950130485,8.281451009679586
71,20.999034,145.482,64,67108864,406.399444,1.9468689570203424,7.91358802234754
72,21.702868,143.97199999999998,64,67108864,387.25728100000003,3.3284680102951825,8.00356495892629
73,21.175795,143.46900000000002,64,67108864,401.33149000000003,2.831124991644174,8.031395031139255
74,20.881036,145.74699999999999,64,67108864,389.725147,2.754764980636537,8.390116039663553
75,22.798565,144.324,64,67108864,433.93589199999997,3.4193709725514054,9.242511005140841
76,22.260164,143.74300000000002,64,67108864,391.120315,2.962729020509869,7.747771043796092
77,22.934582,145.911,64,67108864,412.078334,3.100442001596093,8.668855007272214
78,22.355381,147.005,64,67108864,378.283822,2.690464025363326,8.269244979601353
79,23.268152,145.832,64,67108864,442.693585,3.192241012584418,8.736737014260143
80,23.482193,146.297,64,67108864,393.02657800000003,3.2111399923451245,8.078271988779306
81,22.698478,147.278,64,67108864,387.926535,2.7863350114785135,8.085943991318345
82,24.326244,146.141,64,67108864,406.258319,3.33579903235659,8.508805010933429
83,25.394558,146.361,64,67108864,471.319978,2.7588839875534177,10.22938801907003
84,25.751377,149.77499999999998,64,67108864,459.33352,3.998434985987842,9.604055958334357
85,26.611429,146.602,64,67108864,460.13436,3.9978380082175136,10.450266010593623
86,29.124796,147.924,64,67108864,476.66610399999996,6.1536990106105804,10.094569995999336
87,29.030676,146.91299999999998,64,67108864,600.308853,4.106736043468118,9.346990031190217
88,30.920516,148.656,64,67108864,637.925623,4.849702003411949,12.718454992864281
89,31.626679,149.258,64,67108864,587.742762,5.578098993282765,10.650221025571227
90,29.730327,148.51600000000002,64,67108864,581.691041,3.898057038895786,9.95538296410814
91,29.901186,147.718,64,67108864,603.547818,3.9675079751759768,10.433771996758878
92,32.993429,148.011,64,67108864,624.549525,5.616789043415338,13.13947100425139
93,33.405754,147.727,64,67108864,596.926734,6.051887001376599,13.005068991333246
94,27.411775,149.928,64,67108864,431.467489,3.8780749891884625,8.980569953564554
95,32.991936,149.31,64,67108864,635.931873,5.282104015350342,13.08441604487598
96,30.602191,148.42600000000002,64,67108864,550.036059,3.998127009253949,9.367789956741035
97,33.160421,149.924,64,67108864,590.9521970000001,6.394835014361888,11.045025021303445
98,30.307789,151.112,64,67108864,580.800933,4.168007988482714,10.527303966227919
99,33.78006,149.42600000000002,64,67108864,620.321906,6.309372955001891,13.076833973173052
100,29.487968,149.60399999999998,64,67108864,429.541045,5.647967976983637,9.119070949964225
