phase,read_block_bytes,write_cap_MB_s,read_MB_s,write_MB_s,read_IOPS,read_p99_ms
main,4096,0,1434.788619,0.0,350289.157028,0.166912
main,4096,180,1280.758485,180.034498,312684.143862,0.305152
main,4096,450,1071.545875,450.033818,261606.846438,0.362496
main,4096,910,835.591782,910.028776,204000.866638,0.477184
main,4096,1370,703.833861,1369.953831,171833.405553,0.497664
main,4096,1640,645.707278,1639.953151,157642.311923,0.544768
main,4096,unlimited,548.998753,1871.39141,134031.865604,0.585728
main,16384,0,3806.580825,0.0,232334.18886,0.288768
main,16384,180,3292.565797,180.034498,200961.201293,0.4608
main,16384,450,2669.523798,450.033818,162933.735542,0.55296
main,16384,910,2044.059779,910.028776,124758.441385,0.659456
main,16384,1370,1684.559835,1369.400349,102816.339455,0.692224
main,16384,1640,1573.719762,1546.884585,96051.164961,0.700416
main,16384,unlimited,1553.672968,1570.942251,94827.639079,0.708608
main,65536,0,3878.71062,0.0,59183.393887,0.643072
main,65536,180,3878.706251,180.034498,59183.327222,0.946176
main,65536,450,3929.674083,450.033818,59961.034632,1.204224
main,65536,910,3425.426324,910.028776,52266.824439,1.4336
main,65536,1370,3249.520457,1021.215462,49582.71391,1.466368
main,65536,1640,3293.515491,999.201237,50254.024866,1.482752
main,65536,unlimited,3265.089497,1019.012069,49820.245317,1.466368
main,262144,0,3878.661759,0.0,14794.853848,2.244608
main,262144,180,3878.661759,180.034498,14794.887178,2.736128
main,262144,450,3894.151653,450.033818,14853.976402,2.637824
main,262144,910,3584.85393,910.028776,13674.065927,3.293184
main,262144,1370,3619.165149,919.316739,13804.986168,3.391488
main,262144,1640,3592.525244,946.576754,13703.362997,3.35872
main,262144,unlimited,3589.344882,950.776459,13691.230877,3.35872
main,1048576,0,3879.259419,0.0,3698.483586,8.585216
main,1048576,180,3879.353762,180.034498,3698.573524,8.978432
main,1048576,450,3879.353762,450.033818,3698.573524,9.109504
main,1048576,910,3597.923342,908.698309,3430.180631,10.944512
main,1048576,1370,3360.60099,1072.863153,3203.852434,11.075584
main,1048576,1640,3290.297716,1099.000739,3136.805972,11.206656
main,1048576,unlimited,3355.883499,1059.758574,3199.353484,11.075584
main,4194304,0,3882.589745,0.0,924.615077,33.816576
main,4194304,180,3882.589745,180.034498,924.615077,33.816576
main,4194304,450,3882.579356,450.033818,924.612565,34.865152
main,4194304,910,3825.825901,910.028776,911.081486,41.156608
main,4194304,1370,3190.561639,1332.375335,759.622755,43.25376
main,4194304,1640,3218.34484,1308.177796,766.246751,42.729472
main,4194304,unlimited,3220.441573,1316.249948,766.746651,42.729472
repeat,16384,0,3806.950643,0.0,232357.310711,0.288768
repeat,16384,450,2655.536174,450.023842,162080.531991,0.55296
repeat,16384,910,2025.298981,910.550746,123613.923101,0.708608
repeat,65536,910,3402.878323,910.008991,51923.28589,1.449984
