case,repeat,setting,write_block_bytes,write_qd,read_MB_s,write_MB_s,small_read_pct,cpu_pct,4KiB_count,4KiB_mean_ms,4KiB_p99_ms,1MiB_count,1MiB_mean_ms,1MiB_p99_ms
1MiB-qd1-repeat1,1,1MiB-qd1,1048576,1,3241.161387,1191.801933,49.88501757278605,26.316766,45988,4.822905351830912,6.830956,46200,5.314358592056277,7.259624
64KiB-qd16-batch-repeat1,1,64KiB-qd16-batch,65536,16,3313.54935,1159.838244,49.864662611852374,27.401365,46977,4.716185695467995,6.736345,47232,5.203620862699018,7.144099
64KiB-qd16-rolling-repeat1,1,64KiB-qd16-rolling,65536,16,3291.123579,1162.575963,49.77141572360039,30.462158000000002,46487,4.765645159291845,6.731473,46914,5.2374632304429385,7.179845
64KiB-qd1-repeat1,1,64KiB-qd1,65536,1,3300.287645,1171.010931,50.13251070686511,30.190016,47291,4.714098584847011,6.616809,47041,5.195585114368317,7.08042
read-only-repeat1,1,read-only,0,0,3879.107736,0.0,50.10423341064354,14.283809999999999,55520,4.064510877575649,5.544138,55289,4.369159477346307,5.855206
64KiB-qd16-rolling-repeat2,2,64KiB-qd16-rolling,65536,16,3274.315921,1183.732532,49.82962302077847,30.61549,46356,4.77525963860126,6.794493,46673,5.269135202065434,7.30361
read-only-repeat2,2,read-only,0,0,3878.733735,0.0,49.94975511275677,14.237152,55174,4.077281527911698,5.527886,55285,4.380507913177173,5.820713
64KiB-qd16-batch-repeat2,2,64KiB-qd16-batch,65536,16,3252.440196,1181.736274,49.85343587413873,27.623407999999998,46090,4.805278824907789,6.853203,46361,5.30139988919566,7.308641
1MiB-qd1-repeat2,2,1MiB-qd1,1048576,1,3313.50813,1157.271132,50.19140925724771,26.303326,47593,4.68206569594268,6.684235,47230,5.177839157717552,7.136487
64KiB-qd1-repeat2,2,64KiB-qd1,65536,1,3297.798961,1172.754072,50.32026212873903,30.357495,47608,4.6987638086666115,6.628816,47002,5.1860363335815505,7.073625
