round,mode,wall_ns,cpu_ns,read_bytes,pid
1,phases,15715380,109792000,4460544,656364
2,phases,12105156,115377000,4460544,656364
3,phases,13692628,117845000,4460544,656364
4,phases,14601575,122284000,4460544,656364
5,phases,14885870,126876000,4460544,656364
6,phases,15050330,127656000,4460544,656364
7,phases,14748351,130872000,4460544,656364
8,phases,14460968,123589000,4460544,656364
9,phases,15127025,129712000,4460544,656364
10,phases,15344639,119723000,4460544,656364
11,cpu,17143012,142943000,4460544,656364
12,cpu,17306580,133659000,4460544,656364
13,cpu,17514721,131773000,4460544,656364
14,cpu,17171150,131851000,4460544,656364
15,cpu,17757445,136204000,4460544,656364
16,cpu,18173625,135437000,4460544,656364
17,cpu,18548879,141325000,4460544,656364
18,cpu,17875224,128135000,4460544,656364
19,cpu,17977007,131848000,4460544,656364
20,cpu,18748378,138512000,4460544,656364
21,cpu,18517815,136870000,4460544,656364
22,cpu,18649064,131251000,4460544,656364
23,cpu,18032654,119114000,4460544,656364
24,cpu,17984191,125856000,4460544,656364
25,cpu,18871149,123728000,4460544,656364
26,cpu,18574154,121699000,4460544,656364
27,cpu,19392234,126500000,4460544,656364
28,cpu,20161483,122129000,4460544,656364
29,cpu,19822602,131377000,4460544,656364
30,cpu,19774634,130471000,4460544,656364
31,cpu,20496773,123633000,4460544,656364
32,cpu,20862571,126736000,4460544,656364
33,cpu,21093798,121989000,4460544,656364
34,cpu,21571344,124921000,4460544,656364
35,cpu,20189988,121243000,4460544,656364
36,cpu,20200970,131961000,4460544,656364
37,cpu,21220606,126332000,4460544,656364
38,cpu,21712241,125898000,4460544,656364
39,cpu,20453808,119258000,4460544,656364
40,cpu,20302889,122730000,4460544,656364
41,cpu,21103481,121029000,4460544,656364
42,cpu,20534469,127066000,4460544,656364
43,cpu,20917765,128104000,4460544,656364
44,cpu,20904417,128279000,4460544,656364
45,cpu,19441598,120303000,4460544,656364
46,cpu,20123971,124269000,4460544,656364
47,cpu,21076257,133328000,4460544,656364
48,cpu,19832869,126146000,4460544,656364
49,cpu,20536443,127476000,4460544,656364
50,cpu,19189186,125410000,4460544,656364
51,trace,8734469,114338000,4460544,656364
52,trace,10444644,114909000,4460544,656364
53,trace,10482243,114303000,4460544,656364
54,trace,10212652,113109000,4460544,656364
55,trace,11196740,111657000,4460544,656364
56,trace,10884034,110844000,4460544,656364
57,trace,11136162,110540000,4460544,656364
58,trace,10358494,109253000,4460544,656364
59,trace,10374341,112937000,4460544,656364
60,trace,11863119,114238000,4460544,656364
61,trace,11279369,111474000,4460544,656364
62,trace,10976088,117970000,4460544,656364
63,trace,11854956,111067000,4460544,656364
64,trace,11694484,112646000,4460544,656364
65,trace,12631789,111294000,4460544,656364
66,trace,13064826,116433000,4460544,656364
67,trace,12496551,117202000,4460544,656364
68,trace,12981896,117188000,4460544,656364
69,trace,13470274,115835000,4460544,656364
70,trace,13659940,111942000,4460544,656364
71,trace,13997223,120433000,4460544,656364
72,trace,14001086,111310000,4460544,656364
73,trace,14536034,117612000,4460544,656364
74,trace,14909962,119994000,4460544,656364
75,trace,15452757,118291000,4460544,656364
76,trace,15654225,113638000,4460544,656364
77,trace,15800181,117537000,4460544,656364
78,trace,15827312,113294000,4460544,656364
79,trace,15726060,115207000,4460544,656364
80,trace,17515307,123994000,4460544,656364
81,trace,17046187,117624000,4460544,656364
82,trace,17007173,118219000,4460544,656364
83,trace,16837104,115075000,4460544,656364
84,trace,16655775,116793000,4460544,656364
85,trace,17894063,122960000,4460544,656364
86,trace,17943583,116117000,4460544,656364
87,trace,17784132,117351000,4460544,656364
88,trace,17937495,119641000,4460544,656364
89,trace,18073819,119913000,4460544,656364
90,trace,16988259,114138000,4460544,656364
91,trace,18118397,124172000,4460544,656364
92,trace,18156798,119710000,4460544,656364
93,trace,17465560,122346000,4460544,656364
94,trace,19210484,122402000,4460544,656364
95,trace,18579006,116184000,4460544,656364
96,trace,18451642,121693000,4460544,656364
97,trace,18849828,116345000,4460544,656364
98,trace,18632580,120148000,4460544,656364
99,trace,18881544,119267000,4460544,656364
100,trace,18732770,119986000,4460544,656364
