round,mode,wall_ms,cpu_ms,physical_read_bytes,shard_init_ms,last_shard_read_ms,last_shard_read_cpu_ms,last_shard_read_sleep_ms,last_shard_read_runnable_ms,last_shard_records_ms,last_shard_records_cpu_ms
1,phases,25.051966,379.999,4460544,3.226125,3.366677,0.041856,,,12.409783,3.850497
2,phases,14.189304,129.708,4460544,5.572217,5.369763,0.355281,,,1.875597,1.876009
3,phases,15.182262,130.115,4460544,6.39164,6.277284,0.098587,,,1.472105,1.472492
4,phases,15.449556,126.557,4460544,5.997296,6.822228,0.054136,,,1.465466,1.465657
5,phases,14.454622,129.921,4460544,6.397463,5.610547,0.142532,,,1.483429,1.483573
6,phases,14.478674,126.136,4460544,6.580262,5.26841,0.122967,,,1.508301,1.508558
7,phases,15.807786,126.882,4460544,6.454871,6.867671,0.137905,,,1.449585,1.44975
8,phases,15.018196,128.678,4460544,7.061678,5.173288,0.065318,,,1.474981,1.475209
9,phases,16.079288,124.602,4460544,7.071129,6.449413,0.139357,,,1.51259,1.512901
10,phases,17.335659,127.957,4460544,7.939443,6.880589,0.143239,,,1.474897,1.475243
11,cpu,18.955235,150.172,4460544,7.949217,7.745334,0.160791,,,1.511823,1.512184
12,cpu,17.251545,142.604,4460544,8.254772,5.979075,0.275703,,,1.569681,1.570105
13,cpu,18.014075,140.525,4460544,9.289703,5.654565,0.269269,,,1.605105,1.605401
14,cpu,19.229118,143.487,4460544,9.006334,7.309695,0.171781,,,1.508165,1.508433
15,cpu,17.34836,146.015,4460544,8.235247,5.971447,0.212915,,,1.562315,1.562879
16,cpu,20.327024,144.258,4460544,9.88994,7.564941,0.151011,,,1.521622,1.521996
17,cpu,18.818826,144.766,4460544,9.85482,5.974899,0.264573,,,1.565759,1.566272
18,cpu,18.873974,143.26,4460544,9.190995,6.792707,0.138946,,,1.545607,1.5459
19,cpu,18.938381,141.954,4460544,9.428626,6.547534,0.247585,,,1.521991,1.522298
20,cpu,20.508241,144.191,4460544,10.030217,7.40412,0.155656,,,1.568769,1.569148
21,cpu,20.620821,143.821,4460544,10.315538,7.431364,0.175412,,,1.567128,1.567574
22,cpu,20.944572,145.845,4460544,10.784432,4.043534,0.119717,,,1.515364,1.515914
23,cpu,21.223158,145.578,4460544,11.850614,6.441433,0.148969,,,1.546238,1.546936
24,cpu,22.469788,146.098,4460544,12.166352,7.447462,0.139952,,,1.53747,1.537851
25,cpu,20.607372,148.189,4460544,11.40805,5.923729,0.229106,,,1.552063,1.552414
26,cpu,21.151625,142.38,4460544,12.084688,6.172429,0.243525,,,1.52446,1.524835
27,cpu,20.692942,144.603,4460544,11.996324,5.596238,0.246418,,,1.570946,1.571201
28,cpu,23.084713,146.893,4460544,12.736157,7.412264,0.172796,,,1.572656,1.573051
29,cpu,20.496787,145.923,4460544,11.696435,5.899924,0.272527,,,1.558447,1.558773
30,cpu,20.870221,144.596,4460544,11.946698,5.902853,0.21756,,,1.561716,1.562156
31,cpu,24.348315,147.101,4460544,13.904805,7.344626,0.132992,,,1.5424,1.542861
32,cpu,21.65028,148.261,4460544,12.601326,5.874704,0.261257,,,1.576941,1.577385
33,cpu,23.509074,145.584,4460544,13.16803,7.36834,0.153842,,,1.514927,1.515456
34,cpu,22.346468,145.753,4460544,13.593552,5.764579,0.273329,,,1.553977,1.554277
35,cpu,22.067885,145.073,4460544,13.036788,6.116337,0.166043,,,1.560636,1.561035
36,cpu,24.346257,146.042,4460544,13.916271,7.634514,0.176835,,,1.535291,1.535763
37,cpu,22.518922,145.881,4460544,13.648448,5.876679,0.256448,,,1.564671,1.565177
38,cpu,21.282259,144.43,4460544,12.627492,5.554132,0.099648,,,1.601015,1.601541
39,cpu,24.147276,147.564,4460544,15.030506,6.178216,0.132562,,,1.588781,1.589337
40,cpu,23.00955,146.508,4460544,14.091858,5.879662,0.132518,,,1.60482,1.605095
41,cpu,23.432916,146.674,4460544,13.103281,7.339026,0.149638,,,1.568075,1.568336
42,cpu,24.343197,146.774,4460544,13.726925,7.627776,0.111759,,,1.567653,1.568068
43,cpu,23.462662,146.842,4460544,14.503886,6.144767,0.291719,,,1.549689,1.549947
44,cpu,23.36186,145.437,4460544,13.327099,7.20616,0.170261,,,1.53012,1.530435
45,cpu,23.281547,146.932,4460544,13.028957,7.234676,0.140466,,,1.596138,1.59659
46,cpu,21.417446,146.448,4460544,12.865399,5.465141,0.139946,,,1.672082,1.624764
47,cpu,22.725161,142.636,4460544,12.380311,7.386734,0.133731,,,1.516346,1.51663
48,cpu,23.194793,147.879,4460544,14.244565,6.033823,0.268311,,,1.565878,1.566443
49,cpu,23.090392,145.752,4460544,14.338856,5.864077,0.236161,,,1.564816,1.565207
50,cpu,11.244726,132.621,4460544,1.291109,7.237329,0.186448,,,1.511638,1.511961
51,trace,10.112271,133.502,4460544,1.190336,6.044838,0.167629,4.145871,1.731561,1.522448,1.522779
52,trace,10.603692,135.086,4460544,1.744439,5.849882,0.184859,3.861022,1.800233,1.557956,1.558373
53,trace,12.892495,136.58,4460544,2.32017,7.642622,0.136033,5.930957,1.576457,1.529699,1.53024
54,trace,12.003068,133.835,4460544,2.635881,6.231037,0.240247,5.99135,0.004168,1.571564,1.57205
55,trace,13.010907,135.927,4460544,2.537208,7.544952,0.172442,5.705702,1.667793,1.522602,1.522895
56,trace,11.849016,134.993,4460544,2.850514,6.004995,0.264818,5.73982,0.003507,1.540046,1.540383
57,trace,11.75576,134.642,4460544,2.840615,5.997357,0.168111,5.829702,0.003476,1.532106,1.532533
58,trace,11.75468,134.789,4460544,2.807569,6.212,0.292034,4.094625,1.822066,1.53954,1.539954
59,trace,12.276168,134.71,4460544,3.505769,5.957001,0.156336,4.025592,1.776402,1.525909,1.526288
60,trace,12.737503,136.072,4460544,3.557303,6.268667,0.30223,5.960153,0.003852,1.565352,1.565759
61,trace,13.005683,136.194,4460544,4.11243,5.857204,0.254781,5.602643,0.00452,1.58297,1.583428
62,trace,13.330873,136.153,4460544,4.408952,5.980327,0.264981,5.713649,0.003176,1.551703,1.552008
63,trace,13.653976,136.381,4460544,4.518715,6.263366,0.153838,4.338525,1.772536,1.536625,1.537076
64,trace,13.576777,136.6,4460544,4.678158,5.87113,0.099061,5.772487,0.003697,1.559385,1.559654
65,trace,13.828762,137.107,4460544,4.901008,6.030458,0.292944,5.736163,0.003114,1.546799,1.5472
66,trace,15.551021,136.771,4460544,5.264004,7.426222,0.138691,5.877277,1.411396,1.522644,1.523093
67,trace,14.454148,137.962,4460544,5.364017,6.09193,0.254765,5.836802,0.003332,1.554145,1.554599
68,trace,14.672565,138.17,4460544,5.485504,6.390994,0.166143,4.46433,1.762152,1.564659,1.565257
69,trace,14.833128,138.328,4460544,5.846674,6.062165,0.132429,4.143119,1.772747,1.639056,1.60956
70,trace,15.410069,138.566,4460544,6.172255,6.302563,0.275658,6.027149,0.003361,1.564117,1.564965
71,trace,16.091682,140.321,4460544,6.742241,6.270636,0.135367,6.135471,0.003666,1.618786,1.619185
72,trace,15.697352,141.002,4460544,6.635155,6.150056,0.144123,5.992601,0.013901,1.560082,1.560477
73,trace,15.872173,137.667,4460544,6.888466,5.972374,0.236111,5.736239,0.004059,1.583429,1.583854
74,trace,16.094627,139.665,4460544,6.889758,6.356993,0.16956,4.390842,1.797323,1.560031,1.560381
75,trace,16.656361,140.009,4460544,7.463571,6.24651,0.280914,5.965789,0.00351,1.513392,1.513805
76,trace,16.00175,140.183,4460544,7.135491,5.935521,0.158955,5.774092,0.003414,1.557574,1.558068
77,trace,17.266028,139.609,4460544,8.305025,6.039783,0.27339,5.760783,0.005361,1.553826,1.554442
78,trace,18.10108,141.164,4460544,8.751735,6.393824,0.274698,6.119152,0.00432,1.569615,1.570124
79,trace,18.528234,139.913,4460544,8.148868,7.435614,0.129075,5.611542,1.696092,1.547969,1.548197
80,trace,17.402436,139.817,4460544,8.609653,5.967892,0.198705,4.036377,1.733384,1.561438,1.561996
81,trace,17.23312,140.446,4460544,8.329471,5.904865,0.217474,5.685117,0.003836,1.579215,1.57968
82,trace,19.835269,141.5,4460544,9.350237,7.643211,0.150484,5.968731,1.524334,1.546289,1.54685
83,trace,18.279765,141.368,4460544,9.190167,6.177174,0.2412,5.936238,0.004717,1.578066,1.5785
84,trace,18.130308,140.662,4460544,9.205566,5.939605,0.256711,5.680351,0.003544,1.590654,1.591203
85,trace,19.951747,141.986,4460544,9.885362,7.100818,0.09641,6.089026,0.900715,1.568597,1.569042
86,trace,18.115636,140.103,4460544,9.264665,6.063282,0.177891,4.262738,1.623603,1.531517,1.531856
87,trace,19.89037,142.97,4460544,10.929066,5.970479,0.262319,5.708455,0.003343,1.569547,1.569936
88,trace,19.518692,142.75,4460544,10.611669,6.019859,0.268584,5.752121,0.003597,1.513635,1.514205
89,trace,20.06746,142.553,4460544,11.221749,4.213762,0.157276,4.052606,0.003544,1.543388,1.543805
90,trace,19.40989,142.771,4460544,10.281928,6.290729,0.180524,4.39148,1.716958,1.532787,1.53312
91,trace,19.732658,141.594,4460544,10.837403,6.057996,0.145832,5.912198,0.002857,1.550715,1.551069
92,trace,19.299826,142.107,4460544,10.46331,5.937979,0.146437,5.790435,0.005137,1.566585,1.567084
93,trace,20.623936,144.225,4460544,11.483613,6.297457,0.153622,4.166007,1.97833,1.566443,1.566804
94,trace,20.771772,144.143,4460544,11.697966,6.119412,0.231318,5.888463,0.003863,1.567715,1.568044
95,trace,21.186161,143.011,4460544,12.278978,4.168705,0.16045,4.008559,0.003472,1.575498,1.575989
96,trace,20.721996,143.428,4460544,11.970487,5.883056,0.141382,5.738964,0.003189,1.535805,1.536213
97,trace,21.692625,144.259,4460544,12.564535,6.184461,0.154404,6.031211,0.004036,1.565748,1.566159
98,trace,22.1581,145.744,4460544,13.111002,6.059592,0.30124,5.757948,0.003145,1.565274,1.565702
99,trace,21.257087,144.187,4460544,12.293771,6.089206,0.14947,5.936471,0.003837,1.579254,1.579606
100,trace,21.301197,142.234,4460544,12.47425,5.922409,0.146985,5.775529,0.003191,1.533074,1.533455
