repeat,binary,unpooled,size,readers,writers,seconds,read_MB_s,write_MB_s,iops,p50_us,p99_us,cpu_percent
0,baseline,False,4096,1,0,5,51.6,0.0,12595,76,87,21.0
0,candidate,False,4096,1,0,5,51.4,0.0,12540,76,87,21.3
0,candidate,False,4096,32,0,5,1297.2,0.0,316702,95,173,231.5
0,baseline,False,4096,32,0,5,1268.9,0.0,309779,98,176,232.5
0,baseline,False,4096,128,0,5,1697.5,0.0,414424,304,432,266.5
0,candidate,False,4096,128,0,5,1882.5,0.0,459606,271,400,263.0
0,candidate,False,1048576,32,0,5,4000.9,0.0,3816,8646,9122,12.5
0,baseline,False,1048576,32,0,5,3872.8,0.0,3693,8647,9931,12.3
0,baseline,False,4096,32,4,5,587.7,1525.9,143491,186,580,205.8
0,candidate,False,4096,32,4,5,589.8,1527.8,143994,185,576,205.2
0,candidate,True,1048576,32,0,5,3889.4,0.0,3709,8599,9579,144.1
0,baseline,True,1048576,32,0,5,2539.0,0.0,2421,11607,30587,333.2
0,baseline,True,4096,32,0,5,1258.3,0.0,307198,99,177,245.5
0,candidate,True,4096,32,0,5,1292.1,0.0,315460,95,173,234.4
1,candidate,False,4096,1,0,5,51.3,0.0,12514,76,88,21.4
1,baseline,False,4096,1,0,5,51.4,0.0,12556,76,87,21.3
1,baseline,False,4096,32,0,5,1273.0,0.0,310787,97,174,233.7
1,candidate,False,4096,32,0,5,1289.9,0.0,314920,96,174,230.0
1,candidate,False,4096,128,0,5,1819.9,0.0,444307,280,416,258.6
1,baseline,False,4096,128,0,5,1792.6,0.0,437648,287,412,265.9
1,baseline,False,1048576,32,0,5,3985.2,0.0,3801,8648,9701,12.8
1,candidate,False,1048576,32,0,5,3883.1,0.0,3703,8655,8875,12.3
1,candidate,False,4096,32,4,5,584.3,1637.2,142641,192,576,207.8
1,baseline,False,4096,32,4,5,615.9,1494.6,150370,174,567,210.9
1,baseline,True,1048576,32,0,5,2683.3,0.0,2559,10413,27591,349.6
1,candidate,True,1048576,32,0,5,3872.0,0.0,3693,8590,9598,145.7
1,candidate,True,4096,32,0,5,1296.9,0.0,316615,95,175,234.0
1,baseline,True,4096,32,0,5,1262.7,0.0,308287,98,175,249.1
2,baseline,False,4096,1,0,5,51.6,0.0,12592,76,87,21.1
2,candidate,False,4096,1,0,5,51.4,0.0,12541,76,87,21.3
2,candidate,False,4096,32,0,5,1293.4,0.0,315765,96,174,229.8
2,baseline,False,4096,32,0,5,1276.0,0.0,311529,97,176,231.8
2,baseline,False,4096,128,0,5,1713.7,0.0,418375,302,425,268.9
2,candidate,False,4096,128,0,5,1922.6,0.0,469373,265,393,263.1
2,candidate,False,1048576,32,0,5,4099.3,0.0,3909,8648,9338,12.9
2,baseline,False,1048576,32,0,5,3872.8,0.0,3693,8659,9059,12.4
2,baseline,False,4096,32,4,5,583.3,1625.3,142402,190,575,211.7
2,candidate,False,4096,32,4,5,583.4,1776.5,142424,197,554,209.0
2,candidate,True,1048576,32,0,5,4123.2,0.0,3932,8503,9620,157.8
2,baseline,True,1048576,32,0,5,2637.0,0.0,2515,10366,27787,346.9
2,baseline,True,4096,32,0,5,1269.2,0.0,309869,98,175,248.4
2,candidate,True,4096,32,0,5,1294.9,0.0,316129,95,174,235.1
