case,read_bytes,read_qd,write_qd,cpu_pct,read_MB_s,read_completed,read_iops,read_p50_us,read_p95_us,read_p99_us,write_MB_s,write_completed,write_iops,write_p50_us,write_p95_us,write_p99_us
r0-bs1048576-rq0-wq1,1048576,0,1,43.89409754,0.0,0,0.0,0,0,0,1349.8318848,25746,1287.3,783,853,890
r0-bs1048576-rq0-wq32,1048576,0,32,65.05520153500001,0.0,0,0.0,0,0,0,1827.7203968,34861,1743.05,17727,20255,22511
r0-bs1048576-rq0-wq64,1048576,0,64,70.38051012999999,0.0,0,0.0,0,0,0,1827.667968,34860,1743.0,33791,44607,47135
r0-bs1048576-rq0-wq8,1048576,0,8,62.99006893000001,0.0,0,0.0,0,0,0,1913.9657728,36506,1825.3,4567,4743,4879
r0-bs1048576-rq1-wq0,1048576,1,0,56.70553717000001,1746.7703296,33317,1665.85,523,596,603,0.0,0,0.0,0,0,0
r0-bs1048576-rq32-wq0,1048576,32,0,122.91734434000001,3718.0407808,70916,3545.8,4875,8391,8951,0.0,0,0.0,0,0,0
r0-bs1048576-rq32-wq1,1048576,32,1,124.06249143000001,3666.5556991999997,69934,3496.7,4999,8551,9071,113.03649279999999,2156,107.8,5239,8639,9159
r0-bs1048576-rq32-wq64,1048576,32,64,119.976414925,1935.9858688,36926,1846.3,11047,18543,21247,1798.7272704000002,34308,1715.4,29487,42527,49823
r0-bs1048576-rq32-wq8,1048576,32,8,125.49603075,2989.6998912,57024,2851.2,6259,10639,11183,755.3417216,14407,720.35,6183,10663,11199
r0-bs1048576-rq64-wq0,1048576,64,0,123.27965914500001,3727.0061056,71087,3554.35,9823,19279,20383,0.0,0,0.0,0,0,0
r0-bs1048576-rq8-wq0,1048576,8,0,123.46680833500001,3754.0069376,71602,3580.1,1386,1612,2161,0.0,0,0.0,0,0,0
r0-bs4096-rq1-wq0,4096,1,0,18.975911855,51.784704,252855,12642.75,75,85,86,0.0,0,0.0,0,0,0
r0-bs4096-rq128-wq0,4096,128,0,184.51109092000002,1508.680704,7366605,368330.25,331,393,434,0.0,0,0.0,0,0,0
r0-bs4096-rq32-wq0,4096,32,0,167.66976905500002,1269.1863552,6197199,309859.95,95,140,172,0.0,0,0.0,0,0,0
r0-bs4096-rq32-wq1,4096,32,1,131.40309358500002,475.2105472,2320364,116018.2,249,551,634,1609.039872,30690,1534.5,610,706,714
r0-bs4096-rq32-wq64,4096,32,64,122.72847599,305.616896,1492270,74613.5,184,766,3337,1769.5244288,33751,1687.55,35455,50367,55103
r0-bs4096-rq32-wq8,4096,32,8,121.38493220000002,417.39304960000004,2038052,101902.6,278,557,662,1828.5592576,34877,1743.85,4587,4607,4619
r0-bs4096-rq64-wq0,4096,64,0,181.91304549000003,1800.3212288,8790631,439531.55,131,194,238,0.0,0,0.0,0,0,0
r0-bs4096-rq8-wq0,4096,8,0,89.9101333,392.11008,1914600,95730.0,79,95,124,0.0,0,0.0,0,0,0
r0-bs65536-rq1-wq0,65536,1,0,16.59202484,606.765056,185170,9258.5,104,115,115,0.0,0,0.0,0,0,0
r0-bs65536-rq32-wq0,65536,32,0,84.70423996999999,3878.8038656,1183717,59185.85,534,597,640,0.0,0,0.0,0,0,0
r0-bs65536-rq64-wq0,65536,64,0,87.63125135499999,3878.7940351999996,1183714,59185.7,1075,1138,1182,0.0,0,0.0,0,0,0
r0-bs65536-rq8-wq0,65536,8,0,81.491264125,3688.1399808,1125531,56276.55,133,194,233,0.0,0,0.0,0,0,0
r1-bs1048576-rq0-wq1,1048576,0,1,54.45846557499999,0.0,0,0.0,0,0,0,1568.407552,29915,1495.75,669,731,744
r1-bs1048576-rq0-wq32,1048576,0,32,64.27194144999999,0.0,0,0.0,0,0,0,1827.930112,34865,1743.25,17775,20351,22415
r1-bs1048576-rq0-wq64,1048576,0,64,68.36849837499999,0.0,0,0.0,0,0,0,1828.2446848,34871,1743.55,33759,44543,46719
r1-bs1048576-rq0-wq8,1048576,0,8,61.491125485,0.0,0,0.0,0,0,0,1828.5592576,34877,1743.85,4587,4619,4639
r1-bs1048576-rq1-wq0,1048576,1,0,56.615103805,1752.956928,33435,1671.75,522,596,602,0.0,0,0.0,0,0,0
r1-bs1048576-rq32-wq0,1048576,32,0,123.092962115,3801.5074304,72508,3625.4,4767,8199,8751,0.0,0,0.0,0,0,0
r1-bs1048576-rq32-wq1,1048576,32,1,123.451032485,3588.5416448,68446,3422.3,5087,8727,9263,111.3063424,2123,106.15,5307,8999,9359
r1-bs1048576-rq32-wq64,1048576,32,64,121.07779948,1858.4436736,35447,1772.35,11359,19567,22831,1790.6532352000002,34154,1707.7,29087,41919,49535
r1-bs1048576-rq32-wq8,1048576,32,8,125.90311865000001,3016.3337216,57532,2876.6,6231,10551,11103,765.2507648,14596,729.8,6091,10511,11055
r1-bs1048576-rq64-wq0,1048576,64,0,122.34811570000002,3856.3479552,73554,3677.7,9687,18783,19775,0.0,0,0.0,0,0,0
r1-bs1048576-rq8-wq0,1048576,8,0,122.68004582,3780.0640512,72099,3604.95,1376,1655,2149,0.0,0,0.0,0,0,0
r1-bs4096-rq1-wq0,4096,1,0,18.807153554999996,51.931955200000004,253574,12678.7,75,85,85,0.0,0,0.0,0,0,0
r1-bs4096-rq128-wq0,4096,128,0,185.029065345,1533.4498304,7487548,374377.4,325,390,431,0.0,0,0.0,0,0,0
r1-bs4096-rq32-wq0,4096,32,0,167.61608733500003,1262.5340416,6164717,308235.85,95,140,173,0.0,0,0.0,0,0,0
r1-bs4096-rq32-wq1,4096,32,1,132.80703703,530.21696,2588950,129447.5,188,495,642,1303.0129664,24853,1242.65,849,947,978
r1-bs4096-rq32-wq64,4096,32,64,108.87260223499999,237.2880384,1158633,57931.65,224,1368,3825,1827.0912512,34849,1742.45,34303,44095,46847
r1-bs4096-rq32-wq8,4096,32,8,121.27111345000002,408.886272,1996515,99825.75,294,561,644,1828.5068288,34876,1743.8,4587,4619,4635
r1-bs4096-rq64-wq0,4096,64,0,180.05818436500002,1752.9288704,8559223,427961.15,136,197,240,0.0,0,0.0,0,0,0
r1-bs4096-rq8-wq0,4096,8,0,90.45815778000002,390.31132160000004,1905817,95290.85,80,95,124,0.0,0,0.0,0,0,0
r1-bs65536-rq1-wq0,65536,1,0,16.27864476,609.1210752000001,185889,9294.45,104,114,115,0.0,0,0.0,0,0,0
r1-bs65536-rq32-wq0,65536,32,0,85.89305723,3878.8333568000003,1183726,59186.3,534,597,641,0.0,0,0.0,0,0,0
r1-bs65536-rq64-wq0,65536,64,0,85.72527985999999,3878.8038656,1183717,59185.85,1075,1138,1182,0.0,0,0.0,0,0,0
r1-bs65536-rq8-wq0,65536,8,0,81.229357395,3689.6571391999996,1125994,56299.7,133,194,233,0.0,0,0.0,0,0,0
r2-bs1048576-rq0-wq1,1048576,0,1,54.370134935,0.0,0,0.0,0,0,0,1660.68224,31675,1583.75,604,703,716
r2-bs1048576-rq0-wq32,1048576,0,32,66.07915135500001,0.0,0,0.0,0,0,0,1827.6155392,34859,1742.95,17743,20063,22303
r2-bs1048576-rq0-wq64,1048576,0,64,65.700358185,0.0,0,0.0,0,0,0,1827.3009664,34853,1742.65,33663,45183,47295
r2-bs1048576-rq0-wq8,1048576,0,8,60.799856975,0.0,0,0.0,0,0,0,1828.5592576,34877,1743.85,4587,4615,4627
r2-bs1048576-rq1-wq0,1048576,1,0,56.32901522999999,1764.1766912,33649,1682.45,518,591,597,0.0,0,0.0,0,0,0
r2-bs1048576-rq32-wq0,1048576,32,0,122.90347558500001,3758.5158144,71688,3584.4,4827,8295,8847,0.0,0,0.0,0,0,0
r2-bs1048576-rq32-wq1,1048576,32,1,123.22159406499999,3585.2386304,68383,3419.15,5103,8751,9271,111.77820159999999,2132,106.6,5275,8759,9391
r2-bs1048576-rq32-wq64,1048576,32,64,120.74601187,1998.9528576,38127,1906.35,10583,18895,22175,1734.1874176,33077,1653.85,30255,46303,60863
r2-bs1048576-rq32-wq8,1048576,32,8,125.719435435,3001.5488,57250,2862.5,6223,10575,11135,756.1805823999999,14423,721.15,6147,10647,11159
r2-bs1048576-rq64-wq0,1048576,64,0,121.78341535499999,3917.4275072,74719,3735.95,9391,18383,19407,0.0,0,0.0,0,0,0
r2-bs1048576-rq8-wq0,1048576,8,0,122.75933388,3780.4310528,72106,3605.3,1372,1648,2147,0.0,0,0.0,0,0,0
r2-bs4096-rq1-wq0,4096,1,0,18.67430202,51.991552,253865,12693.25,74,85,85,0.0,0,0.0,0,0,0
r2-bs4096-rq128-wq0,4096,128,0,186.985867655,1566.8905984,7650833,382541.65,318,380,421,0.0,0,0.0,0,0,0
r2-bs4096-rq32-wq0,4096,32,0,168.059602005,1266.0559872000001,6181914,309095.7,95,140,172,0.0,0,0.0,0,0,0
r2-bs4096-rq32-wq1,4096,32,1,127.45721763499999,454.39016960000004,2218702,110935.1,255,588,683,1635.516416,31195,1559.75,609,706,730
r2-bs4096-rq32-wq64,4096,32,64,104.25185271999999,264.8819712,1293369,64668.45,225,990,3201,1827.3009664,34853,1742.65,33599,45567,47775
r2-bs4096-rq32-wq8,4096,32,8,121.11245645999999,419.5203072,2048439,102421.95,280,549,641,1826.4621055999999,34837,1741.85,4587,4611,4631
r2-bs4096-rq64-wq0,4096,64,0,182.46207839,1815.79776,8866200,443310.0,130,193,237,0.0,0,0.0,0,0,0
r2-bs4096-rq8-wq0,4096,8,0,89.75981763,391.1743488,1910031,95501.55,79,95,124,0.0,0,0.0,0,0,0
r2-bs65536-rq1-wq0,65536,1,0,16.044562785,610.2253568,186226,9311.3,104,114,115,0.0,0,0.0,0,0,0
r2-bs65536-rq32-wq0,65536,32,0,84.53053820000001,3878.797312,1183715,59185.75,534,597,641,0.0,0,0.0,0,0,0
r2-bs65536-rq64-wq0,65536,64,0,85.61305804,3878.8235264,1183723,59186.15,1075,1138,1182,0.0,0,0.0,0,0,0
r2-bs65536-rq8-wq0,65536,8,0,80.704270885,3692.8815104,1126978,56348.9,133,194,233,0.0,0,0.0,0,0,0
