source,engine,mode,block_bytes,queue_depth,rate,read_MB_s,write_MB_s,cpu_percent,file
fio,io_uring,mixed,16384,32,0,3893.320291,0.0,69.733334,fio-io_uring-mixed-bs16384-qd32-rate0.json
fio,io_uring,mixed,16384,32,450,2186.804444,450.033818,46.830000999999996,fio-io_uring-mixed-bs16384-qd32-rate450.json
fio,io_uring,mixed,16384,32,910,1789.73997,910.028776,46.76,fio-io_uring-mixed-bs16384-qd32-rate910.json
fio,io_uring,mixed,65536,32,910,3799.006209,910.028776,40.633334,fio-io_uring-mixed-bs65536-qd32-rate910.json
fio,io_uring,randread,1048576,32,0,3879.259419,0.0,12.57499,fio-io_uring-randread-bs1048576-qd32-rate0.json
fio,io_uring,randread,4096,1,0,59.158877,0.0,4.706667,fio-io_uring-randread-bs4096-qd1-rate0.json
fio,io_uring,randread,4096,32,0,1446.762193,0.0,76.846667,fio-io_uring-randread-bs4096-qd32-rate0.json
fio,io_uring,write,1048576,32,0,0.0,1829.12046,28.161551,fio-io_uring-write-bs1048576-qd32-rate0.json
fio,io_uring,write,4096,32,0,0.0,1073.057931,71.64,fio-io_uring-write-bs4096-qd32-rate0.json
fio,libaio,mixed,16384,32,0,3894.549051,0.0,74.263333,fio-libaio-mixed-bs16384-qd32-rate0.json
fio,libaio,mixed,16384,32,450,2307.111422,450.033818,51.103333,fio-libaio-mixed-bs16384-qd32-rate450.json
fio,libaio,mixed,16384,32,910,1769.831343,910.028776,48.513334,fio-libaio-mixed-bs16384-qd32-rate910.json
fio,libaio,mixed,65536,32,910,3778.114028,908.65404,41.714698,fio-libaio-mixed-bs65536-qd32-rate910.json
fio,libaio,randread,1048576,32,0,3879.224472,0.0,12.758299,fio-libaio-randread-bs1048576-qd32-rate0.json
fio,libaio,randread,4096,1,0,59.021119,0.0,4.946667,fio-libaio-randread-bs4096-qd1-rate0.json
fio,libaio,randread,4096,32,0,1431.959879,0.0,83.313333,fio-libaio-randread-bs4096-qd32-rate0.json
fio,libaio,write,1048576,32,0,0.0,1835.514642,28.404811,fio-libaio-write-bs1048576-qd32-rate0.json
fio,libaio,write,4096,32,0,0.0,988.047193,72.356666,fio-libaio-write-bs4096-qd32-rate0.json
repeat,io_uring,mixed,16384,32,450,2367.935010133333,449.9963904,43.99047295333333,repeat-io_uring-mixed-bs16384-qd32-rate450.json
repeat,io_uring,mixed,16384,32,910,1783.5914581333334,910.0066816,38.80441899833333,repeat-io_uring-mixed-bs16384-qd32-rate910.json
repeat,libaio,mixed,16384,32,450,2301.4678528000004,449.9963904,43.56767786166667,repeat-libaio-mixed-bs16384-qd32-rate450.json
repeat,libaio,mixed,16384,32,910,1812.4447744000001,910.0066816,39.49868579333333,repeat-libaio-mixed-bs16384-qd32-rate910.json
rust,io_uring,mixed,1048576,32,-1,3232.8646656,1326.0292095999998,20.578554166666663,rust-io_uring-mixed-bs1048576-qd32-rate-1.json
rust,io_uring,mixed,1048576,32,0,3878.7874816,0,12.474247133333334,rust-io_uring-mixed-bs1048576-qd32-rate0.json
rust,io_uring,mixed,1048576,32,1370,3223.7420544,1336.1654442666666,19.93118142666667,rust-io_uring-mixed-bs1048576-qd32-rate1370.json
rust,io_uring,mixed,1048576,32,1640,3218.4991744,1345.0433877333332,20.365797106666662,rust-io_uring-mixed-bs1048576-qd32-rate1640.json
rust,io_uring,mixed,1048576,32,180,3878.7525290666667,180.00554666666665,13.455588469999997,rust-io_uring-mixed-bs1048576-qd32-rate180.json
rust,io_uring,mixed,1048576,32,450,3878.7525290666667,450.0138666666667,14.642581293333336,rust-io_uring-mixed-bs1048576-qd32-rate450.json
rust,io_uring,mixed,1048576,32,910,3784.031163733333,910.0241578666667,17.465278156666667,rust-io_uring-mixed-bs1048576-qd32-rate910.json
rust,io_uring,mixed,16384,32,-1,1363.9183018666665,1654.3733077333334,39.35684345333333,rust-io_uring-mixed-bs16384-qd32-rate-1.json
rust,io_uring,mixed,16384,32,0,3878.773828266667,0,67.13302456333334,rust-io_uring-mixed-bs16384-qd32-rate0.json
rust,io_uring,mixed,16384,32,1370,1459.0498133333333,1369.964544,36.21674457666666,rust-io_uring-mixed-bs16384-qd32-rate1370.json
rust,io_uring,mixed,16384,32,1640,1363.1373312,1661.7133397333334,39.197127253333335,rust-io_uring-mixed-bs16384-qd32-rate1640.json
rust,io_uring,mixed,16384,32,180,3966.7903146666663,180.00554666666665,65.20185829666666,rust-io_uring-mixed-bs16384-qd32-rate180.json
rust,io_uring,mixed,16384,32,450,2192.0585045333332,450.0138666666667,42.20958238,rust-io_uring-mixed-bs16384-qd32-rate450.json
rust,io_uring,mixed,16384,32,910,1808.2496512,909.9892053333334,39.151469969999994,rust-io_uring-mixed-bs16384-qd32-rate910.json
rust,io_uring,mixed,262144,32,-1,3163.6236970666664,1350.0066474666667,24.743041303333335,rust-io_uring-mixed-bs262144-qd32-rate-1.json
rust,io_uring,mixed,262144,32,0,3878.7700053333333,0,17.731682723333332,rust-io_uring-mixed-bs262144-qd32-rate0.json
rust,io_uring,mixed,262144,32,1370,3170.63168,1343.9948117333333,24.884473463333332,rust-io_uring-mixed-bs262144-qd32-rate1370.json
rust,io_uring,mixed,262144,32,1640,3309.7864533333336,1307.2946517333332,25.09471135333333,rust-io_uring-mixed-bs262144-qd32-rate1640.json
rust,io_uring,mixed,262144,32,180,3878.7787434666666,180.00554666666665,18.82952344,rust-io_uring-mixed-bs262144-qd32-rate180.json
rust,io_uring,mixed,262144,32,450,3878.7787434666666,450.0138666666667,20.289312893333335,rust-io_uring-mixed-bs262144-qd32-rate450.json
rust,io_uring,mixed,262144,32,910,3827.4072576,910.0241578666667,22.688829426666665,rust-io_uring-mixed-bs262144-qd32-rate910.json
rust,io_uring,mixed,4096,32,-1,1470.154752,1877.2656127999999,78.46752380666666,rust-io_uring-mixed-bs4096-qd32-rate-1.json
rust,io_uring,mixed,4096,32,0,2219.0014464,0,84.50762046,rust-io_uring-mixed-bs4096-qd32-rate0.json
rust,io_uring,mixed,4096,32,1370,1740.6148607999999,1369.9994965333333,79.76748825000001,rust-io_uring-mixed-bs4096-qd32-rate1370.json
rust,io_uring,mixed,4096,32,1640,1630.5079637333333,1639.972864,78.70869787333332,rust-io_uring-mixed-bs4096-qd32-rate1640.json
rust,io_uring,mixed,4096,32,180,2244.0680106666664,180.00554666666665,86.60187795666666,rust-io_uring-mixed-bs4096-qd32-rate180.json
rust,io_uring,mixed,4096,32,450,2264.435643733333,450.0138666666667,88.64065573333333,rust-io_uring-mixed-bs4096-qd32-rate450.json
rust,io_uring,mixed,4096,32,910,2057.6690175999997,909.9892053333334,86.24148394,rust-io_uring-mixed-bs4096-qd32-rate910.json
rust,io_uring,mixed,4194304,32,-1,3190.7468629333334,1353.5368533333333,23.537267933333332,rust-io_uring-mixed-bs4194304-qd32-rate-1.json
rust,io_uring,mixed,4194304,32,0,3878.7525290666667,0,17.12615192,rust-io_uring-mixed-bs4194304-qd32-rate0.json
rust,io_uring,mixed,4194304,32,1370,3226.1188266666663,1335.5362986666667,23.552773873333336,rust-io_uring-mixed-bs4194304-qd32-rate1370.json
rust,io_uring,mixed,4194304,32,1640,3172.1521152,1349.3425493333332,23.15637274666667,rust-io_uring-mixed-bs4194304-qd32-rate1640.json
rust,io_uring,mixed,4194304,32,180,3878.6127189333333,180.00554666666665,16.316476913333336,rust-io_uring-mixed-bs4194304-qd32-rate180.json
rust,io_uring,mixed,4194304,32,450,3878.6127189333333,450.0138666666667,17.884200576666665,rust-io_uring-mixed-bs4194304-qd32-rate450.json
rust,io_uring,mixed,4194304,32,910,3846.5961984,910.0241578666667,20.15835163,rust-io_uring-mixed-bs4194304-qd32-rate910.json
rust,io_uring,mixed,65536,32,-1,3241.672704,1330.118656,33.131632896666666,rust-io_uring-mixed-bs65536-qd32-rate-1.json
rust,io_uring,mixed,65536,32,0,3878.7743744,0,28.72310464333333,rust-io_uring-mixed-bs65536-qd32-rate0.json
rust,io_uring,mixed,65536,32,1370,3220.8825002666667,1325.3651114666668,33.42658708,rust-io_uring-mixed-bs65536-qd32-rate1370.json
rust,io_uring,mixed,65536,32,1640,3275.9043413333334,1306.2460757333333,34.77043569333333,rust-io_uring-mixed-bs65536-qd32-rate1640.json
rust,io_uring,mixed,65536,32,180,3878.7787434666666,180.00554666666665,31.130149310000004,rust-io_uring-mixed-bs65536-qd32-rate180.json
rust,io_uring,mixed,65536,32,450,3878.7612672,450.0138666666667,31.984006186666665,rust-io_uring-mixed-bs65536-qd32-rate450.json
rust,io_uring,mixed,65536,32,910,3795.5043328,910.0241578666667,33.409993756666665,rust-io_uring-mixed-bs65536-qd32-rate910.json
rust,io_uring,randread,1048576,1,0,3329.7880405333335,0,12.30797347666667,rust-io_uring-randread-bs1048576-qd1-rate0.json
rust,io_uring,randread,1048576,32,0,3878.7525290666667,0,12.409696023333332,rust-io_uring-randread-bs1048576-qd32-rate0.json
rust,io_uring,randread,16384,1,0,202.89344853333333,0,4.562692016666667,rust-io_uring-randread-bs16384-qd1-rate0.json
rust,io_uring,randread,16384,32,0,3873.0585429333332,0,64.65951214,rust-io_uring-randread-bs16384-qd32-rate0.json
rust,io_uring,randread,262144,1,0,1699.9251967999999,0,7.77148115,rust-io_uring-randread-bs262144-qd1-rate0.json
rust,io_uring,randread,262144,32,0,3878.7787434666666,0,17.893724926666668,rust-io_uring-randread-bs262144-qd32-rate0.json
rust,io_uring,randread,4096,1,0,59.243724799999995,0,4.632675186666667,rust-io_uring-randread-bs4096-qd1-rate0.json
rust,io_uring,randread,4096,32,0,1451.1581866666668,0,73.15730705333333,rust-io_uring-randread-bs4096-qd32-rate0.json
rust,io_uring,randread,4194304,1,0,3878.7525290666667,0,10.426433593333332,rust-io_uring-randread-bs4194304-qd1-rate0.json
rust,io_uring,randread,4194304,32,0,3878.8923391999997,0,16.201110096666664,rust-io_uring-randread-bs4194304-qd32-rate0.json
rust,io_uring,randread,65536,1,0,679.6170581333333,0,5.465480346666666,rust-io_uring-randread-bs65536-qd1-rate0.json
rust,io_uring,randread,65536,32,0,3878.772189866667,0,28.04898978,rust-io_uring-randread-bs65536-qd32-rate0.json
rust,io_uring,write,1048576,1,0,0,1828.5417813333333,9.12332337,rust-io_uring-write-bs1048576-qd1-rate0.json
rust,io_uring,write,1048576,32,0,0,1828.6466389333334,12.309298420000001,rust-io_uring-write-bs1048576-qd32-rate0.json
rust,io_uring,write,16384,1,0,0,681.04192,13.145876540000001,rust-io_uring-write-bs16384-qd1-rate0.json
rust,io_uring,write,16384,32,0,0,1828.5619882666667,34.95057138,rust-io_uring-write-bs16384-qd32-rate0.json
rust,io_uring,write,262144,1,0,0,1828.5679957333334,10.194793886666668,rust-io_uring-write-bs262144-qd1-rate0.json
rust,io_uring,write,262144,32,0,0,1828.5679957333334,11.255464416666667,rust-io_uring-write-bs262144-qd32-rate0.json
rust,io_uring,write,4096,1,0,0,223.09410133333336,13.307550129999997,rust-io_uring-write-bs4096-qd1-rate0.json
rust,io_uring,write,4096,32,0,0,1101.0695168,58.065198249999995,rust-io_uring-write-bs4096-qd32-rate0.json
rust,io_uring,write,4194304,1,0,0,1828.5767338666665,9.537646113333334,rust-io_uring-write-bs4194304-qd1-rate0.json
rust,io_uring,write,4194304,32,0,0,1828.8563541333335,13.193865176666666,rust-io_uring-write-bs4194304-qd32-rate0.json
rust,io_uring,write,65536,1,0,0,1589.6761685333333,13.53388409333333,rust-io_uring-write-bs65536-qd1-rate0.json
rust,io_uring,write,65536,32,0,0,1828.5614421333335,16.03175441666667,rust-io_uring-write-bs65536-qd32-rate0.json
rust,libaio,mixed,1048576,32,-1,3286.376994133333,1304.4984490666666,20.7478768,rust-libaio-mixed-bs1048576-qd32-rate-1.json
rust,libaio,mixed,1048576,32,0,3878.7874816,0,12.463478296666667,rust-libaio-mixed-bs1048576-qd32-rate0.json
rust,libaio,mixed,1048576,32,1370,3165.650944,1354.0261888,20.144062186666666,rust-libaio-mixed-bs1048576-qd32-rate1370.json
rust,libaio,mixed,1048576,32,1640,3163.1343616,1369.6150186666669,20.957665276666667,rust-libaio-mixed-bs1048576-qd32-rate1640.json
rust,libaio,mixed,1048576,32,180,3878.7874816,180.00554666666665,13.303412103333335,rust-libaio-mixed-bs1048576-qd32-rate180.json
rust,libaio,mixed,1048576,32,450,3878.7525290666667,450.0138666666667,14.912989556666666,rust-libaio-mixed-bs1048576-qd32-rate450.json
rust,libaio,mixed,1048576,32,910,3796.0198826666665,910.0241578666667,17.727523326666667,rust-libaio-mixed-bs1048576-qd32-rate910.json
rust,libaio,mixed,16384,32,-1,1360.9730048,1668.6688938666666,38.95786824666666,rust-libaio-mixed-bs16384-qd32-rate-1.json
rust,libaio,mixed,16384,32,0,3878.773828266667,0,67.74406278666666,rust-libaio-mixed-bs16384-qd32-rate0.json
rust,libaio,mixed,16384,32,1370,1490.5229312000001,1370.0344490666666,36.43427171333334,rust-libaio-mixed-bs16384-qd32-rate1370.json
rust,libaio,mixed,16384,32,1640,1372.8262826666667,1643.1535445333334,38.409802076666665,rust-libaio-mixed-bs16384-qd32-rate1640.json
rust,libaio,mixed,16384,32,180,3974.1751295999998,180.00554666666665,66.26454825666667,rust-libaio-mixed-bs16384-qd32-rate180.json
rust,libaio,mixed,16384,32,450,2182.2701568,450.0138666666667,42.06806819,rust-libaio-mixed-bs16384-qd32-rate450.json
rust,libaio,mixed,16384,32,910,1780.5006165333334,910.0241578666667,38.925866740000004,rust-libaio-mixed-bs16384-qd32-rate910.json
rust,libaio,mixed,262144,32,-1,3285.677943466667,1306.4907434666668,24.629828689999997,rust-libaio-mixed-bs262144-qd32-rate-1.json
rust,libaio,mixed,262144,32,0,3878.7700053333333,0,17.248893496666664,rust-libaio-mixed-bs262144-qd32-rate0.json
rust,libaio,mixed,262144,32,1370,3265.938500266667,1317.1862186666667,24.715684433333333,rust-libaio-mixed-bs262144-qd32-rate1370.json
rust,libaio,mixed,262144,32,1640,3292.7558314666667,1309.4617088,24.865640716666665,rust-libaio-mixed-bs262144-qd32-rate1640.json
rust,libaio,mixed,262144,32,180,3878.717576533333,180.00554666666665,18.515479266666667,rust-libaio-mixed-bs262144-qd32-rate180.json
rust,libaio,mixed,262144,32,450,3878.7700053333333,450.0138666666667,20.12447909333333,rust-libaio-mixed-bs262144-qd32-rate450.json
rust,libaio,mixed,262144,32,910,3785.4642175999998,910.0241578666667,22.428394163333337,rust-libaio-mixed-bs262144-qd32-rate910.json
rust,libaio,mixed,4096,32,-1,1412.5468330666665,1874.7839829333334,79.95150101,rust-libaio-mixed-bs4096-qd32-rate-1.json
rust,libaio,mixed,4096,32,0,2267.7744298666667,0,98.66995388,rust-libaio-mixed-bs4096-qd32-rate0.json
rust,libaio,mixed,4096,32,1370,1770.9517482666668,1369.9994965333333,87.85903006333334,rust-libaio-mixed-bs4096-qd32-rate1370.json
rust,libaio,mixed,4096,32,1640,1628.2625365333333,1640.0427690666666,84.76221556000002,rust-libaio-mixed-bs4096-qd32-rate1640.json
rust,libaio,mixed,4096,32,180,2259.958715733333,180.00554666666665,96.97408909333335,rust-libaio-mixed-bs4096-qd32-rate180.json
rust,libaio,mixed,4096,32,450,2171.0532608000003,450.0138666666667,97.44400014333333,rust-libaio-mixed-bs4096-qd32-rate450.json
rust,libaio,mixed,4096,32,910,1993.8223445333333,910.0241578666667,92.61692445999998,rust-libaio-mixed-bs4096-qd32-rate910.json
rust,libaio,mixed,4194304,32,-1,3268.900727466667,1318.8639402666668,24.861142036666667,rust-libaio-mixed-bs4194304-qd32-rate-1.json
rust,libaio,mixed,4194304,32,0,3878.7525290666667,0,17.473163333333332,rust-libaio-mixed-bs4194304-qd32-rate0.json
rust,libaio,mixed,4194304,32,1370,3163.6236970666664,1354.7252394666666,23.24878844333334,rust-libaio-mixed-bs4194304-qd32-rate1370.json
rust,libaio,mixed,4194304,32,1640,3307.348514133333,1292.6145877333333,23.93807267,rust-libaio-mixed-bs4194304-qd32-rate1640.json
rust,libaio,mixed,4194304,32,180,3878.7525290666667,180.00554666666665,17.07758545333333,rust-libaio-mixed-bs4194304-qd32-rate180.json
rust,libaio,mixed,4194304,32,450,3878.8923391999997,450.0138666666667,18.563375009999998,rust-libaio-mixed-bs4194304-qd32-rate450.json
rust,libaio,mixed,4194304,32,910,3788.2953728,910.0241578666667,20.54737873,rust-libaio-mixed-bs4194304-qd32-rate910.json
rust,libaio,mixed,65536,32,-1,3185.8098176,1353.3271381333334,32.82031852,rust-libaio-mixed-bs65536-qd32-rate-1.json
rust,libaio,mixed,65536,32,0,3878.7743744,0,30.012374173333335,rust-libaio-mixed-bs65536-qd32-rate0.json
rust,libaio,mixed,65536,32,1370,3166.1708629333334,1351.8940842666666,33.48953432333334,rust-libaio-mixed-bs65536-qd32-rate1370.json
rust,libaio,mixed,65536,32,1640,3189.9713536,1340.1150805333334,33.969135503333334,rust-libaio-mixed-bs65536-qd32-rate1640.json
rust,libaio,mixed,65536,32,180,3878.730683733333,180.00554666666665,30.518509876666666,rust-libaio-mixed-bs65536-qd32-rate180.json
rust,libaio,mixed,65536,32,450,3878.7416064,450.0138666666667,30.02710082,rust-libaio-mixed-bs65536-qd32-rate450.json
rust,libaio,mixed,65536,32,910,3784.361028266667,910.0241578666667,33.10762065666666,rust-libaio-mixed-bs65536-qd32-rate910.json
rust,libaio,randread,1048576,1,0,3333.2133888000003,0,12.248905336666667,rust-libaio-randread-bs1048576-qd1-rate0.json
rust,libaio,randread,1048576,32,0,3878.7874816,0,12.618672136666664,rust-libaio-randread-bs1048576-qd32-rate0.json
rust,libaio,randread,16384,1,0,203.24952746666668,0,4.426463030000001,rust-libaio-randread-bs16384-qd1-rate0.json
rust,libaio,randread,16384,32,0,3868.2367317333333,0,67.24020068666667,rust-libaio-randread-bs16384-qd32-rate0.json
rust,libaio,randread,262144,1,0,1704.5127168,0,7.625452816666667,rust-libaio-randread-bs262144-qd1-rate0.json
rust,libaio,randread,262144,32,0,3878.7787434666666,0,17.192720993333335,rust-libaio-randread-bs262144-qd32-rate0.json
rust,libaio,randread,4096,1,0,59.370700799999995,0,4.47335315,rust-libaio-randread-bs4096-qd1-rate0.json
rust,libaio,randread,4096,32,0,1447.3114965333334,0,75.30622947333333,rust-libaio-randread-bs4096-qd32-rate0.json
rust,libaio,randread,4194304,1,0,3878.7525290666667,0,9.8780984,rust-libaio-randread-bs4194304-qd1-rate0.json
rust,libaio,randread,4194304,32,0,3878.7525290666667,0,17.555985946666667,rust-libaio-randread-bs4194304-qd32-rate0.json
rust,libaio,randread,65536,1,0,681.08288,0,5.323400766666666,rust-libaio-randread-bs65536-qd1-rate0.json
rust,libaio,randread,65536,32,0,3878.7743744,0,28.996144650000005,rust-libaio-randread-bs65536-qd32-rate0.json
rust,libaio,write,1048576,1,0,0,1828.5767338666665,9.909937646666668,rust-libaio-write-bs1048576-qd1-rate0.json
rust,libaio,write,1048576,32,0,0,1828.7514965333332,12.490924719999999,rust-libaio-write-bs1048576-qd32-rate0.json
rust,libaio,write,16384,1,0,0,683.2204458666666,12.282739789999999,rust-libaio-write-bs16384-qd1-rate0.json
rust,libaio,write,16384,32,0,0,1828.5625344,32.61484936666667,rust-libaio-write-bs16384-qd32-rate0.json
rust,libaio,write,262144,1,0,0,1828.5592576,10.871074006666667,rust-libaio-write-bs262144-qd1-rate0.json
rust,libaio,write,262144,32,0,0,1828.5679957333334,11.199383883333331,rust-libaio-write-bs262144-qd32-rate0.json
rust,libaio,write,4096,1,0,0,225.14305706666667,12.512160793333335,rust-libaio-write-bs4096-qd1-rate0.json
rust,libaio,write,4096,32,0,0,1112.487936,59.184606046666666,rust-libaio-write-bs4096-qd32-rate0.json
rust,libaio,write,4194304,1,0,0,1828.5767338666665,9.596178033333333,rust-libaio-write-bs4194304-qd1-rate0.json
rust,libaio,write,4194304,32,0,0,1828.9961642666667,13.423313983333335,rust-libaio-write-bs4194304-qd32-rate0.json
rust,libaio,write,65536,1,0,0,1613.9922090666666,12.33430942,rust-libaio-write-bs65536-qd1-rate0.json
rust,libaio,write,65536,32,0,0,1832.1921365333333,15.457731676666667,rust-libaio-write-bs65536-qd32-rate0.json
smoke,io_uring,mixed,16384,32,450,2155.003904,450.363392,41.805012,smoke-io_uring-mixed-bs16384-qd32-rate450.json
smoke,io_uring,mixed,65536,32,-1,3104.899072,1410.859008,34.54249735,smoke-io_uring-mixed-bs65536-qd32-rate-1.json
smoke,io_uring,randread,4096,32,0,1447.40352,0,72.2506424,smoke-io_uring-randread-bs4096-qd32-rate0.json
smoke,io_uring,write,1048576,1,0,0,2621.44,14.252148749999998,smoke-io_uring-write-bs1048576-qd1-rate0.json
smoke,libaio,mixed,16384,32,450,2143.862784,450.363392,41.93817965,smoke-libaio-mixed-bs16384-qd32-rate450.json
smoke,libaio,mixed,65536,32,-1,3115.286528,1391.98464,34.1179057,smoke-libaio-mixed-bs65536-qd32-rate-1.json
smoke,libaio,randread,4096,32,0,1447.665664,0,75.50694170000001,smoke-libaio-randread-bs4096-qd32-rate0.json
smoke,libaio,write,1048576,1,0,0,2525.495296,13.173460199999997,smoke-libaio-write-bs1048576-qd1-rate0.json
original-fio,libaio,mixed,1048576,32,0,3879.259419,0.0,12.498334,../local-ssd-20260919/mixed-bs1048576-rate0.json
original-fio,libaio,mixed,1048576,32,1370,3168.827004,1371.072275,29.754982,../local-ssd-20260919/mixed-bs1048576-rate1370.json
original-fio,libaio,mixed,1048576,32,1640,3092.366153,1395.457296,30.693510000000003,../local-ssd-20260919/mixed-bs1048576-rate1640.json
original-fio,libaio,mixed,1048576,32,180,3879.259419,180.034498,14.378392999999999,../local-ssd-20260919/mixed-bs1048576-rate180.json
original-fio,libaio,mixed,1048576,32,450,3879.38871,450.033818,17.765451,../local-ssd-20260919/mixed-bs1048576-rate450.json
original-fio,libaio,mixed,1048576,32,910,3793.674929,910.028776,23.185063,../local-ssd-20260919/mixed-bs1048576-rate910.json
original-fio,libaio,mixed,1048576,32,-1,3086.006064,1402.003455,30.677524,../local-ssd-20260919/mixed-bs1048576-rateunlimited.json
original-fio,libaio,mixed,16384,32,0,3895.974411,0.0,73.016667,../local-ssd-20260919/mixed-bs16384-rate0.json
original-fio,libaio,mixed,16384,32,1370,1469.306918,1370.023734,47.786667,../local-ssd-20260919/mixed-bs16384-rate1370.json
original-fio,libaio,mixed,16384,32,1640,1362.703606,1616.454208,53.850018999999996,../local-ssd-20260919/mixed-bs16384-rate1640.json
original-fio,libaio,mixed,16384,32,180,3969.697769,180.034498,72.963333,../local-ssd-20260919/mixed-bs16384-rate180.json
original-fio,libaio,mixed,16384,32,450,2182.138436,450.033818,48.88333299999999,../local-ssd-20260919/mixed-bs16384-rate450.json
original-fio,libaio,mixed,16384,32,910,1786.155817,910.028776,47.973333000000004,../local-ssd-20260919/mixed-bs16384-rate910.json
original-fio,libaio,mixed,16384,32,-1,1358.547124,1613.93838,53.546756,../local-ssd-20260919/mixed-bs16384-rateunlimited.json
original-fio,libaio,mixed,262144,32,0,3878.661759,0.0,18.085461,../local-ssd-20260919/mixed-bs262144-rate0.json
original-fio,libaio,mixed,262144,32,1370,3146.129913,1366.115577,35.138262,../local-ssd-20260919/mixed-bs262144-rate1370.json
original-fio,libaio,mixed,262144,32,1640,3248.259741,1321.351827,35.031597,../local-ssd-20260919/mixed-bs262144-rate1640.json
original-fio,libaio,mixed,262144,32,180,3878.62681,180.034498,20.408793999999997,../local-ssd-20260919/mixed-bs262144-rate180.json
original-fio,libaio,mixed,262144,32,450,3878.661759,450.033818,23.918781,../local-ssd-20260919/mixed-bs262144-rate450.json
original-fio,libaio,mixed,262144,32,910,3839.707974,910.028776,28.319432,../local-ssd-20260919/mixed-bs262144-rate910.json
original-fio,libaio,mixed,262144,32,-1,3102.347506,1386.453206,35.574821,../local-ssd-20260919/mixed-bs262144-rateunlimited.json
original-fio,libaio,mixed,4096,32,0,1987.851425,0.0,99.98,../local-ssd-20260919/mixed-bs4096-rate0.json
original-fio,libaio,mixed,4096,32,1370,1661.378749,1369.953831,102.25999999999999,../local-ssd-20260919/mixed-bs4096-rate1370.json
original-fio,libaio,mixed,4096,32,1640,1586.413116,1640.023054,102.966667,../local-ssd-20260919/mixed-bs4096-rate1640.json
original-fio,libaio,mixed,4096,32,180,1959.776329,180.034498,101.78333300000001,../local-ssd-20260919/mixed-bs4096-rate180.json
original-fio,libaio,mixed,4096,32,450,1930.743484,450.033818,103.02333300000001,../local-ssd-20260919/mixed-bs4096-rate450.json
original-fio,libaio,mixed,4096,32,910,1864.621365,910.028776,104.34000100000002,../local-ssd-20260919/mixed-bs4096-rate910.json
original-fio,libaio,mixed,4096,32,-1,1560.970158,1870.195817,110.69324700000001,../local-ssd-20260919/mixed-bs4096-rateunlimited.json
original-fio,libaio,mixed,4194304,32,0,3882.589745,0.0,16.043992,../local-ssd-20260919/mixed-bs4194304-rate0.json
original-fio,libaio,mixed,4194304,32,1370,3254.548424,1324.426932,32.710125000000005,../local-ssd-20260919/mixed-bs4194304-rate1370.json
original-fio,libaio,mixed,4194304,32,1640,3100.508465,1398.823517,33.257104,../local-ssd-20260919/mixed-bs4194304-rate1640.json
original-fio,libaio,mixed,4194304,32,180,3882.589745,180.034498,16.737593,../local-ssd-20260919/mixed-bs4194304-rate180.json
original-fio,libaio,mixed,4194304,32,450,3882.719143,450.033818,20.64135,../local-ssd-20260919/mixed-bs4194304-rate450.json
original-fio,libaio,mixed,4194304,32,910,3856.579005,910.028776,26.791356,../local-ssd-20260919/mixed-bs4194304-rate910.json
original-fio,libaio,mixed,4194304,32,-1,3102.605198,1385.055431,32.947156,../local-ssd-20260919/mixed-bs4194304-rateunlimited.json
original-fio,libaio,mixed,65536,32,0,3878.712804,0.0,31.983334,../local-ssd-20260919/mixed-bs65536-rate0.json
original-fio,libaio,mixed,65536,32,1370,3179.453885,1355.731096,46.129695,../local-ssd-20260919/mixed-bs65536-rate1370.json
original-fio,libaio,mixed,65536,32,1640,3091.966242,1397.099627,44.591575000000006,../local-ssd-20260919/mixed-bs65536-rate1640.json
original-fio,libaio,mixed,65536,32,180,3878.725911,180.034498,33.723333000000004,../local-ssd-20260919/mixed-bs65536-rate180.json
original-fio,libaio,mixed,65536,32,450,3878.704066,450.033818,36.426666999999995,../local-ssd-20260919/mixed-bs65536-rate450.json
original-fio,libaio,mixed,65536,32,910,3795.860585,910.028776,38.966668,../local-ssd-20260919/mixed-bs65536-rate910.json
original-fio,libaio,mixed,65536,32,-1,3166.934742,1359.650867,46.18911,../local-ssd-20260919/mixed-bs65536-rateunlimited.json
original-fio,libaio,randread,1048576,1,0,3338.869261,0.0,10.686667,../local-ssd-20260919/randread-bs1048576-qd1.json
original-fio,libaio,randread,1048576,32,0,3879.259419,0.0,12.864952,../local-ssd-20260919/randread-bs1048576-qd32.json
original-fio,libaio,randread,16384,1,0,199.62747,0.0,4.723333,../local-ssd-20260919/randread-bs16384-qd1.json
original-fio,libaio,randread,16384,32,0,3837.330384,0.0,72.436667,../local-ssd-20260919/randread-bs16384-qd32.json
original-fio,libaio,randread,262144,1,0,1701.878238,0.0,7.746666,../local-ssd-20260919/randread-bs262144-qd1.json
original-fio,libaio,randread,262144,32,0,3878.653022,0.0,18.208786,../local-ssd-20260919/randread-bs262144-qd32.json
original-fio,libaio,randread,4096,1,0,58.993677,0.0,4.9,../local-ssd-20260919/randread-bs4096-qd1.json
original-fio,libaio,randread,4096,32,0,1432.769768,0.0,83.47,../local-ssd-20260919/randread-bs4096-qd32.json
original-fio,libaio,randread,4194304,1,0,3878.623241,0.0,11.913333,../local-ssd-20260919/randread-bs4194304-qd1.json
original-fio,libaio,randread,4194304,32,0,3882.719143,0.0,16.244501,../local-ssd-20260919/randread-bs4194304-qd32.json
original-fio,libaio,randread,65536,1,0,678.633242,0.0,5.646667,../local-ssd-20260919/randread-bs65536-qd1.json
original-fio,libaio,randread,65536,32,0,3878.714988,0.0,31.003332999999998,../local-ssd-20260919/randread-bs65536-qd32.json
original-fio,libaio,write,1048576,1,0,0.0,1828.515783,21.57,../local-ssd-20260919/write-bs1048576-qd1.json
original-fio,libaio,write,1048576,32,0,0.0,1829.12046,28.068246,../local-ssd-20260919/write-bs1048576-qd32.json
original-fio,libaio,write,16384,1,0,0.0,646.631988,17.330000000000002,../local-ssd-20260919/write-bs16384-qd1.json
original-fio,libaio,write,16384,32,0,0.0,1828.517421,48.796666,../local-ssd-20260919/write-bs16384-qd32.json
original-fio,libaio,write,262144,1,0,0.0,1828.507045,22.49,../local-ssd-20260919/write-bs262144-qd1.json
original-fio,libaio,write,262144,32,0,0.0,1825.694081,24.621692000000003,../local-ssd-20260919/write-bs262144-qd32.json
original-fio,libaio,write,4096,1,0,0.0,216.678686,15.5,../local-ssd-20260919/write-bs4096-qd1.json
original-fio,libaio,write,4096,32,0,0.0,999.867445,72.57,../local-ssd-20260919/write-bs4096-qd32.json
original-fio,libaio,write,4194304,1,0,0.0,1830.272247,23.029233,../local-ssd-20260919/write-bs4194304-qd1.json
original-fio,libaio,write,4194304,32,0,0.0,1832.457485,26.850155,../local-ssd-20260919/write-bs4194304-qd32.json
original-fio,libaio,write,65536,1,0,0.0,1471.446051,21.826667,../local-ssd-20260919/write-bs65536-qd1.json
original-fio,libaio,write,65536,32,0,0.0,1828.507262,28.905703000000003,../local-ssd-20260919/write-bs65536-qd32.json
