case,kind,read_block_bytes,write_qd,write_cap_MB_s,runtime_seconds,read_MB_s,read_IOPS,read_p99_ms,write_MB_s,write_IOPS,write_p99_ms,cpu_pct
mixed-bs65536-qd4,mixed,65536,4,,30,3237.204468,49394.753508,1.482752,1026.871923,979.168055,5.013504,39.299569
mixed-bs65536-qd0,mixed,65536,0,,30,3878.71062,59183.393887,0.643072,0,0,0,30.976666
write-only-qd32,write-only,0,32,,30,0,0,0,1829.111528,1743.31034,24.24832,25.499867
write-only-qd8,write-only,0,8,,30,0,0,0,1828.516648,1743.576071,4.489216,23.330222999999997
write-only-qd1,write-only,0,1,,30,0,0,0,1828.515783,1743.80854,0.4608,21.753333
mixed-bs4096-qd0,mixed,4096,0,,30,1433.161333,349891.870271,0.166912,0,0,0,85.003333
write-only-qd2,write-only,0,2,,30,0,0,0,1828.550734,1743.80854,1.036288,22.093333
mixed-bs4096-qd4,mixed,4096,4,,30,588.399595,143651.211626,0.55296,1837.75159,1752.516499,2.441216,64.182558
mixed-bs1048576-qd2,mixed,1048576,2,,30,3345.302003,3189.262148,11.075584,1079.121459,1029.09709,3.588096,24.387252
mixed-bs16384-qd4,mixed,16384,4,,30,1581.464221,96523.882537,0.708608,1549.132811,1477.268182,3.19488,53.93934899999999
mixed-bs32768-qd2,mixed,32768,2,,30,2493.448089,76092.963568,0.897024,1192.890199,1137.595413,2.441216,46.690000999999995
mixed-bs16384-qd1,mixed,16384,1,,30,1557.962702,95089.463685,0.708608,1569.980512,1497.250092,1.036288,52.72
mixed-bs65536-qd8,mixed,65536,8,,30,3247.389403,49550.196654,1.466368,1026.977494,979.16875,11.4688,38.98827299999999
mixed-bs16384-qd16,mixed,16384,16,,30,1578.042263,96314.9895,0.708608,1546.934406,1474.771712,12.12416,56.116379
mixed-bs65536-qd32,mixed,65536,32,,30,3236.824372,49388.987034,1.482752,1030.231423,981.438902,49.545216,40.502851
mixed-bs32768-qd32,mixed,32768,32,,30,2472.114647,75441.918603,0.897024,1210.217926,1153.087407,41.156608,48.462198
mixed-bs4096-qd16,mixed,4096,16,,30,557.240859,136044.09853,0.577536,1871.251642,1784.031457,9.50272,62.366619
mixed-bs1048576-qd16,mixed,1048576,16,,30,3329.436725,3174.13184,10.944512,1093.620806,1042.424848,20.840448,27.128812000000003
mixed-bs32768-qd8,mixed,32768,8,,30,2507.129365,76510.449652,0.905216,1193.125222,1137.619571,14.09024,47.568972
mixed-bs4096-qd32,mixed,4096,32,,30,555.344884,135581.21396,0.585728,1869.547066,1781.872709,23.986176,63.35545
mixed-bs32768-qd16,mixed,32768,16,,30,2481.003217,75713.176227,0.905216,1210.199142,1153.602613,20.31616,48.957088
mixed-bs32768-qd4,mixed,32768,4,,30,2496.362159,76181.893937,0.905216,1190.648576,1135.390974,8.585216,47.099499
mixed-bs65536-qd16,mixed,65536,16,,30,3268.859486,49877.804073,1.466368,1014.154723,966.641168,28.18048,41.630296
mixed-bs16384-qd2,mixed,16384,2,,30,1576.810774,96239.858671,0.708608,1552.190265,1480.250658,1.859584,53.300001
mixed-bs1048576-qd0,mixed,1048576,0,,30,3879.259419,3698.483586,8.585216,0,0,0,12.821624
rate-bs16384-cap180,rate,16384,32,180,30,3235.20241,197460.051332,0.473088,180.034498,171.660945,0.366592,66.136666
mixed-bs1048576-qd1,mixed,1048576,1,,30,3317.485349,3162.73412,11.075584,1099.148944,1048.230118,2.277376,24.301026999999998
mixed-bs16384-qd32,mixed,16384,32,,30,1560.706931,95256.958101,0.708608,1571.606044,1497.733938,29.753344,55.924887
mixed-bs1048576-qd32,mixed,1048576,32,,30,3330.904438,3175.53156,11.075584,1092.952404,1041.25429,47.448064,26.324104000000002
mixed-bs65536-qd1,mixed,65536,1,,30,3230.222932,49288.257058,1.466368,1036.377972,988.333722,1.744896,38.663334
rate-bs65536-cap450,rate,65536,32,450,30,3937.896393,60086.463785,1.204224,450.033818,429.152362,0.374784,37.283333
write-only-qd16,write-only,0,16,,30,0,0,0,1828.552456,1743.343664,9.109504,23.547054000000003
mixed-bs32768-qd1,mixed,32768,1,,30,2484.1827,75810.206326,0.905216,1193.41447,1138.128729,1.51552,45.659999
mixed-bs1048576-qd4,mixed,1048576,4,,30,3352.577569,3196.200633,11.075584,1073.004563,1023.196907,8.454144,24.807141
mixed-bs65536-qd2,mixed,65536,2,,30,3239.490657,49429.671355,1.482752,1014.638221,967.60108,4.01408,38.769121
mixed-bs16384-qd0,mixed,16384,0,,30,3821.341771,233235.158828,0.288768,0,0,0,73.4
rate-bs16384-cap450,rate,16384,32,450,30,2588.619026,157995.700143,0.561152,450.033818,429.152362,0.362496,58.260000000000005
mixed-bs16384-qd8,mixed,16384,8,,30,1572.13439,95954.434852,0.708608,1536.32478,1464.920175,7.962624,53.742044
mixed-bs1048576-qd8,mixed,1048576,8,,30,3329.227052,3173.93188,11.075584,1078.385542,1028.195301,17.432576,24.936301999999998
mixed-bs32768-qd0,mixed,32768,0,,30,3878.673484,118366.687777,0.395264,0,0,0,47.703333
write-only-qd4,write-only,0,4,,30,0,0,0,1828.559687,1743.750417,2.179072,23.232559
mixed-bs4096-qd1,mixed,4096,1,,30,603.270992,147281.923936,0.544768,1830.2284,1745.441819,0.7168,64.906666
mixed-bs4096-qd2,mixed,4096,2,,30,600.313506,146559.881337,0.544768,1828.550734,1743.775207,1.368064,64.306667
mixed-bs4096-qd8,mixed,4096,8,,30,572.849922,139854.904837,0.569344,1832.32584,1747.208799,4.947968,61.500215
repeat-bs16384-qd0,repeat,16384,0,,60,3821.98872,233275.162081,0.288768,0,0,0,72.631667
repeat-bs16384-qd1,repeat,16384,1,,60,1566.635726,95619.323011,0.708608,1545.138365,1473.558774,1.10592,52.663334
repeat-bs16384-qd4,repeat,16384,4,,60,1562.508392,95367.42721,0.708608,1563.951401,1491.433619,3.162112,53.769673000000004
repeat-bs65536-qd4,repeat,65536,4,,60,3263.664619,49799.053349,1.466368,1014.847929,967.784407,12.386304,39.294787
