read_bytes,read_callers,write_callers,seconds,read_MB_s,write_MB_s,read_iops,read_p50_us,read_p99_us,cpu_percent
4096,1,0,5,50.7,0.0,12384,77,88,23.0
4096,1,4,5,25.7,1911.1,6268,128,476,83.9
4096,32,0,5,1134.4,0.0,276943,110,185,223.5
4096,32,4,5,495.0,2069.1,120855,246,602,199.6
4096,64,0,5,1357.3,0.0,331374,186,280,222.5
4096,64,4,5,756.3,1697.9,184632,327,708,217.8
4096,128,0,5,1371.1,0.0,334734,376,472,225.1
4096,128,4,5,735.2,1675.6,179486,699,1115,227.0
65536,1,0,5,580.9,0.0,8863,109,121,21.1
65536,1,4,5,312.6,1827.7,4771,164,604,81.7
65536,32,0,5,3878.4,0.0,59179,536,628,122.0
65536,32,4,5,3313.6,1248.0,50562,622,1167,141.9
65536,64,0,5,3877.9,0.0,59173,1077,1182,124.4
65536,64,4,5,3234.2,1283.7,49350,1282,1905,139.1
65536,128,0,5,3877.1,0.0,59160,2158,2283,130.7
65536,128,4,5,3275.7,1264.4,49983,2592,3232,145.5
1048576,1,0,5,3144.5,0.0,2999,331,368,31.3
1048576,1,4,5,1156.8,1998.8,1103,890,1413,75.4
1048576,32,0,5,3913.5,0.0,3732,8237,10503,152.6
1048576,32,4,5,3875.1,817.7,3696,8551,11616,186.7
1048576,64,0,5,3868.0,0.0,3689,15235,21395,167.9
1048576,64,4,5,3807.6,279.1,3631,18881,23970,175.7
1048576,128,0,5,3851.2,0.0,3673,35553,36274,166.9
1048576,128,4,5,3848.9,128.3,3671,35093,36340,171.4
