size_bytes,count
2086,43999
5587,3741
10528,1626
14290,1267
18384,1266
22530,1987
26454,1479
30879,1329
34767,1066
39104,1337
42983,1895
46918,1306
51097,802
55252,706
59329,729
63311,633
67500,494
71532,425
75950,406
79781,407
84006,321
88059,293
92233,271
96227,312
100263,339
104292,225
108487,211
112573,217
116656,226
120679,219
124781,223
128766,231
133067,190
137306,189
141433,305
146017,677
149144,771
153491,296
157883,251
161778,260
165711,239
170361,253
174051,167
178278,118
182049,130
186615,104
190602,134
194722,88
198842,122
202894,129
206828,106
210936,134
214978,119
219205,127
223487,285
227575,553
231502,1359
235519,1215
239640,1365
243732,1338
247838,1277
251880,1143
255845,955
259982,830
264178,735
268174,487
272330,388
276368,379
280438,273
284616,240
288582,174
293012,179
296884,135
301198,114
305057,116
309197,115
313493,130
317477,103
321491,84
325702,119
329728,103
333937,107
337936,103
341875,119
345972,81
350031,126
354608,99
358357,74
362452,114
366792,103
370702,95
374759,109
379037,71
382984,92
386752,65
391094,105
395021,63
399486,77
403551,77
407531,94
411621,76
415771,69
419404,82
423651,87
428369,77
432121,77
436008,103
440604,111
444438,131
448369,94
452480,109
456794,141
460679,143
464913,137
469109,150
473119,211
477162,210
481205,187
485207,179
489485,212
493608,179
497513,184
501932,162
505702,151
509808,154
513879,102
518111,120
522485,108
526274,96
530552,84
534604,79
538938,68
542864,61
546560,57
551013,55
554765,40
559174,42
563055,50
567200,37
571060,36
575548,56
579448,43
583583,58
588014,56
592036,46
596191,52
600053,39
604076,46
608428,44
612410,42
616234,57
620496,47
624371,47
628477,49
632891,54
636889,48
641129,52
645229,46
649109,52
653458,44
657533,42
661603,40
665506,54
669468,43
673981,44
678034,44
681714,42
686210,46
690270,44
694555,53
698593,44
702590,54
706520,37
710597,57
714706,42
718848,50
723146,49
727183,46
730892,42
734987,42
739800,53
743286,45
747643,54
751515,50
755579,40
759914,57
763707,60
768020,36
772016,48
776040,50
780127,41
784572,33
788647,37
792820,48
796188,31
800706,43
804999,44
809070,49
813277,45
817276,50
821115,54
825666,40
829570,54
833734,43
837658,39
841507,36
845748,37
849793,38
854221,47
858051,38
861835,44
866403,32
870121,42
874059,43
878804,38
882627,42
886858,43
891004,48
894960,54
899023,44
903097,41
907259,35
910872,42
915402,31
919446,35
923582,36
927680,35
931951,46
936403,46
940149,51
944150,61
948169,48
952198,54
956159,52
960436,53
964661,44
968710,44
973024,52
976847,56
980952,52
984768,58
989140,43
993334,55
997400,49
1001247,50
1005466,52
1009638,45
1013746,49
1017538,46
1021492,39
1026057,50
1030010,44
1034238,59
1037892,41
1042265,42
1046350,34
1589497,4511
2408735,8556
3686070,713
4655738,266
5643148,657
7096088,142
7798846,1119
8759401,256
10038969,1018
10887209,524
11912985,79
13073740,54
13995508,37
15403696,206
16203445,376
17138343,135
18292916,20
19085100,2
20733732,1
21639891,2
22761174,218
23596208,381
24580766,331
25580785,113
26681675,32
27763698,11
28689060,10
29387325,1
32053684,4
32614114,2
35170771,2
36356294,6
37324106,9
38476829,4
39346956,3
40562482,14
41338090,20
42387900,31
43566961,17
44498021,14
45592332,3
52116086,11
52977874,14
54273216,18
55113211,56
56087890,53
57246813,41
58273624,39
59240162,41
60288739,34
61317498,35
62318731,24
63466327,27
64441923,18
65472376,12
66403845,13
67615047,10
68583150,4
70032988,1
70794953,7
71417215,1
72361321,1
73759700,1
78845380,1
79942053,1
82915327,2
87017698,1
90220304,1
91852470,1
92983805,3
95323579,1
100681431,1
104034539,1
